Algorithm	recommender	attack	iteration	eps	size	best	EFD_Top10	EPC_Top10	Gini_Top10	ICov_Top10	Prec_Top10	Recall_Top10	SE_Top10	UCov	nDCG_Top10
random_XX_XX_XX_XX_best0_top100_rec	random	baseline	0	0	0	0	0.003096712	0.00025553	0.854399156	3706	0.000281457	0.00281457	11.80662764	6040	0.00134717
bim250_ep0.5_es4_szfull_apr_emb64_ep2000_eps0.5_fgsm_best0_top100_rec	apr_fgsm_eps0.5	bim	250	0.5	full	0	0.002389635603634	0.000198068798171	0.017922719432305	490	0.000215231788079	0.002152317880795	6.45054720814403	6040	0.000981064436791
pgd70_ep1.0_es4_szfull_apr_emb64_ep2000_eps0.5_fgsm_best0_top100_rec	apr_fgsm_eps0.5	pgd	70	1	full	0	0.029697821590461	0.001973695626141	0.012503901118052	387.999999999999	0.003278145695364	0.032781456953642	5.90894944337531	6040	0.01564788209354
pgd310_ep1.0_es4_szfull_apr_emb64_ep2000_eps0.5_fgsm_best0_top100_rec	apr_fgsm_eps0.5	pgd	310	1	full	0	0.000425508749539	3.37875539585701E-05	0.047361843222422	1108	3.31125827814569E-05	0.000331125827815	7.57924627514376	6040	0.000159646206441
bim100_ep1.0_es4_szfull_apr_emb64_ep2000_eps0.5_fgsm_best0_top100_rec	apr_fgsm_eps0.5	bim	100	1	full	0	0.015837912058992	0.001151183979035	0.013021261763681	444	0.001572847682119	0.015728476821192	5.97103417471443	6040	0.008030743640051
pgd10_ep0.5_es4_szfull_apr_emb64_ep2000_eps0.5_fgsm_best0_top100_rec	apr_fgsm_eps0.5	pgd	10	0.5	full	0	0.058724837890553	0.004158594767982	0.018569053811299	846.999999999999	0.006225165562914	0.062251655629139	6.24343229923924	6040	0.029836337232115
pgd440_ep0.5_es4_szfull_apr_emb64_ep2000_eps0.5_fgsm_best0_top100_rec	apr_fgsm_eps0.5	pgd	440	0.5	full	0	0.000911296563081	5.99204209858837E-05	0.040565237597304	907	6.62251655629139E-05	0.000662251655629	7.44253374467347	6040	0.000276766897996
pgd340_ep1.0_es4_szfull_apr_emb64_ep2000_eps0.5_fgsm_best0_top100_rec	apr_fgsm_eps0.5	pgd	340	1	full	0	0.000192817533062	1.51763858022276E-05	0.058208998042738	1194	1.65562913907285E-05	0.000165562913907	7.97081193313412	6040	7.13040659061909E-05
pgd290_ep0.5_es4_szfull_apr_emb64_ep2000_eps0.5_fgsm_best0_top100_rec	apr_fgsm_eps0.5	pgd	290	0.5	full	0	0.002491312740952	0.000203596273115	0.019947752723633	515	0.000215231788079	0.002152317880795	6.58608205833994	6040	0.000992298040586
bim330_ep1.0_es4_szfull_apr_emb64_ep2000_eps0.5_fgsm_best0_top100_rec	apr_fgsm_eps0.5	bim	330	1	full	0	0.000933224983348	5.87176165796868E-05	0.056511265427962	1184	3.31125827814569E-05	0.000331125827815	7.94066019780613	6040	0.000270021482379
bim130_ep0.5_es4_szfull_apr_emb64_ep2000_eps0.5_fgsm_best0_top100_rec	apr_fgsm_eps0.5	bim	130	0.5	full	0	0.028928314497543	0.001906483648998	0.012670330947083	384.999999999999	0.003228476821192	0.032284768211921	5.92357451157241	6040	0.015299211163335
bim170_ep1.0_es4_szfull_apr_emb64_ep2000_eps0.5_fgsm_best0_top100_rec	apr_fgsm_eps0.5	bim	170	1	full	0	0.001340827183071	0.000107904401075	0.022330866647005	594	0.000132450331126	0.001324503311258	6.67905159444919	6040	0.000515016837563
bim450_ep1.0_es4_szfull_apr_emb64_ep2000_eps0.5_fgsm_best0_top100_rec	apr_fgsm_eps0.5	bim	450	1	full	0	0.000319078709174	2.27392504632641E-05	0.054994932568303	1245	1.65562913907285E-05	0.000165562913907	7.84270852276354	6040	0.000104458568472
pgd430_ep0.5_es4_szfull_apr_emb64_ep2000_eps0.5_fgsm_best0_top100_rec	apr_fgsm_eps0.5	pgd	430	0.5	full	0	0.000592467985207	4.5164831842673E-05	0.034285349134426	817	6.62251655629139E-05	0.000662251655629	7.21983279618388	6040	0.00021327267158
pgd120_ep1.0_es4_szfull_apr_emb64_ep2000_eps0.5_fgsm_best0_top100_rec	apr_fgsm_eps0.5	pgd	120	1	full	0	0.004228847450221	0.000338671872902	0.01676446720469	549	0.000413907284768	0.004139072847682	6.29879161012723	6040	0.001931546067136
bim440_ep1.0_es4_szfull_apr_emb64_ep2000_eps0.5_fgsm_best0_top100_rec	apr_fgsm_eps0.5	bim	440	1	full	0	0.000280373646056	2.21835205389861E-05	0.05595281121806	1171	1.65562913907285E-05	0.000165562913907	7.93196150193625	6040	0.000104458568472
pgd390_ep1.0_es4_szfull_apr_emb64_ep2000_eps0.5_fgsm_best0_top100_rec	apr_fgsm_eps0.5	pgd	390	1	full	0	0	0	0.054962999705071	1239	0	0	7.87350214364395	6040	0
bim180_ep1.0_es4_szfull_apr_emb64_ep2000_eps0.5_fgsm_best0_top100_rec	apr_fgsm_eps0.5	bim	180	1	full	0	0.001078558694629	8.28015376554644E-05	0.025906641284822	684	9.93377483443709E-05	0.000993377483444	6.85319603594567	6040	0.000385922803839
bim400_ep0.5_es4_szfull_apr_emb64_ep2000_eps0.5_fgsm_best0_top100_rec	apr_fgsm_eps0.5	bim	400	0.5	full	0	0.001067533609974	7.20524442503889E-05	0.029077021386885	722	6.62251655629139E-05	0.000662251655629	7.04949127568894	6040	0.000331940314815
pgd220_ep1.0_es4_szfull_apr_emb64_ep2000_eps0.5_fgsm_best0_top100_rec	apr_fgsm_eps0.5	pgd	220	1	full	0	0	0	0.036676864090946	897	0	0	7.23999787812233	6040	0
bim180_ep0.5_es4_szfull_apr_emb64_ep2000_eps0.5_fgsm_best0_top100_rec	apr_fgsm_eps0.5	bim	180	0.5	full	0	0.024830869100292	0.001686839006481	0.013000831166046	427.999999999999	0.002831125827815	0.028311258278146	5.98980288718353	6040	0.012965299516145
pgd130_ep1.0_es4_szfull_apr_emb64_ep2000_eps0.5_fgsm_best0_top100_rec	apr_fgsm_eps0.5	pgd	130	1	full	0	0.003530902326325	0.000292358077502	0.016497761214039	487	0.000364238410596	0.00364238410596	6.32081560866368	6040	0.001516882595848
pgd230_ep1.0_es4_szfull_apr_emb64_ep2000_eps0.5_fgsm_best0_top100_rec	apr_fgsm_eps0.5	pgd	230	1	full	0	0.000573000702808	4.43556219699391E-05	0.038813613248608	886	3.31125827814569E-05	0.000331125827815	7.44784957935322	6040	0.000208917136944
bim170_ep0.5_es4_szfull_apr_emb64_ep2000_eps0.5_fgsm_best0_top100_rec	apr_fgsm_eps0.5	bim	170	0.5	full	0	0.024669636703508	0.001663321956495	0.012503311258278	393.999999999999	0.002682119205298	0.02682119205298	5.92633739164263	6040	0.01295992678922
pgd90_ep0.5_es4_szfull_apr_emb64_ep2000_eps0.5_fgsm_best0_top100_rec	apr_fgsm_eps0.5	pgd	90	0.5	full	0	0.030503529361753	0.002020658733091	0.011688232297504	440	0.003460264900662	0.034602649006623	5.7485731767045	6040	0.016100271122974
bim70_ep1.0_es4_szfull_apr_emb64_ep2000_eps0.5_fgsm_best0_top100_rec	apr_fgsm_eps0.5	bim	70	1	full	0	0.028074749241549	0.001857826009369	0.012689358393437	370.999999999999	0.003062913907285	0.030629139072848	5.93045161994696	6040	0.014824183773259
pgd30_ep3.0_es4_szfull_apr_emb64_ep2000_eps0.5_fgsm_best0_top100_rec	apr_fgsm_eps0.5	pgd	30	3	full	0	0.022706902321002	0.001587692576258	0.013228767282444	387	0.002450331125828	0.024503311258278	6.00468617562115	6040	0.011749306813387
bim340_ep1.0_es4_szfull_apr_emb64_ep2000_eps0.5_fgsm_best0_top100_rec	apr_fgsm_eps0.5	bim	340	1	full	0	0	0	0.05360873528702	1175	0	0	7.83009355943945	6040	0
bim290_ep1.0_es4_szfull_apr_emb64_ep2000_eps0.5_fgsm_best0_top100_rec	apr_fgsm_eps0.5	bim	290	1	full	0	0.000494176755409	3.95595641375896E-05	0.053855734598851	1117	4.96688741721854E-05	0.000496688741722	7.84561062335049	6040	0.000189253465611
bim100_ep0.5_es4_szfull_apr_emb64_ep2000_eps0.5_fgsm_best0_top100_rec	apr_fgsm_eps0.5	bim	100	0.5	full	0	0.030304366992081	0.002003900713104	0.01183820861374	437	0.003394039735099	0.033940397350993	5.77680333572542	6040	0.016007979867502
bim320_ep0.5_es4_szfull_apr_emb64_ep2000_eps0.5_fgsm_best0_top100_rec	apr_fgsm_eps0.5	bim	320	0.5	full	0	0.00201507134095	0.000162858940657	0.022446219981947	586	0.000149006622517	0.001490066225166	6.73086055774275	6040	0.000789904731504
pgd270_ep1.0_es4_szfull_apr_emb64_ep2000_eps0.5_fgsm_best0_top100_rec	apr_fgsm_eps0.5	pgd	270	1	full	0	0	0	0.046594310534359	1032	0	0	7.64802336569943	6040	0
pgd290_ep1.0_es4_szfull_apr_emb64_ep2000_eps0.5_fgsm_best0_top100_rec	apr_fgsm_eps0.5	pgd	290	1	full	0	0	0	0.048427925391676	1087	0	0	7.67960458277428	6040	0
pgd1_ep0.5_es4_szfull_apr_emb64_ep2000_eps0.5_fgsm_best0_top100_rec	apr_fgsm_eps0.5	pgd	1	0.5	full	0	0.079714650950973	0.005870283615373	0.034828556362889	990	0.008096026490066	0.080960264900662	7.20766790340412	6040	0.039432270601315
pgd160_ep0.5_es4_szfull_apr_emb64_ep2000_eps0.5_fgsm_best0_top100_rec	apr_fgsm_eps0.5	pgd	160	0.5	full	0	0.025534695465866	0.001703034386563	0.01284465238491	427.999999999999	0.002715231788079	0.027152317880795	5.94822313121388	6040	0.013433883269064
bim260_ep1.0_es4_szfull_apr_emb64_ep2000_eps0.5_fgsm_best0_top100_rec	apr_fgsm_eps0.5	bim	260	1	full	0	0.000452236016954	2.93583586994144E-05	0.045014585623509	1044	3.31125827814569E-05	0.000331125827815	7.58264281502688	6040	0.000137969094923
bim300_ep0.5_es4_szfull_apr_emb64_ep2000_eps0.5_fgsm_best0_top100_rec	apr_fgsm_eps0.5	bim	300	0.5	full	0	0.001666346850042	0.000134478258292	0.018455362808448	521	0.000165562913907	0.001655629139073	6.40677310574451	6040	0.000642490989132
bim330_ep0.5_es4_szfull_apr_emb64_ep2000_eps0.5_fgsm_best0_top100_rec	apr_fgsm_eps0.5	bim	330	0.5	full	0	0.001747785011267	0.000139670360761	0.02162845984038	569	0.000149006622517	0.001490066225166	6.64734451232565	6040	0.000664476338006
bim210_ep0.5_es4_szfull_apr_emb64_ep2000_eps0.5_fgsm_best0_top100_rec	apr_fgsm_eps0.5	bim	210	0.5	full	0	0.017358399794961	0.001252992445014	0.013660902127964	469	0.001672185430464	0.016721854304636	6.00801787092019	6040	0.008807022240367
bim190_ep1.0_es4_szfull_apr_emb64_ep2000_eps0.5_fgsm_best0_top100_rec	apr_fgsm_eps0.5	bim	190	1	full	0	0.001527948675443	0.000118908158697	0.026281497171354	701	0.000132450331126	0.001324503311258	6.86241792029124	6040	0.000559161825761
bim280_ep1.0_es4_szfull_apr_emb64_ep2000_eps0.5_fgsm_best0_top100_rec	apr_fgsm_eps0.5	bim	280	1	full	0	0.000179339507041	1.14571717265525E-05	0.046257992153078	1084	1.65562913907285E-05	0.000165562913907	7.612424400821	6040	5.22292842360478E-05
bim380_ep0.5_es4_szfull_apr_emb64_ep2000_eps0.5_fgsm_best0_top100_rec	apr_fgsm_eps0.5	bim	380	0.5	full	0	0.000813754801439	6.24746462710379E-05	0.025514089605062	753	6.62251655629139E-05	0.000662251655629	6.74477146122254	6040	0.000291530224362
pgd5_ep2.0_es4_szfull_apr_emb64_ep2000_eps0.5_fgsm_best0_top100_rec	apr_fgsm_eps0.5	pgd	5	2	full	0	0.043100708130923	0.002955007210427	0.018986039985343	895.999999999999	0.004801324503311	0.048013245033113	6.08298039285689	6040	0.02245161741794
bim80_ep0.5_es4_szfull_apr_emb64_ep2000_eps0.5_fgsm_best0_top100_rec	apr_fgsm_eps0.5	bim	80	0.5	full	0	0.032808525147146	0.002175013473628	0.011852660178209	471	0.003708609271523	0.037086092715232	5.73227142248372	6040	0.017316233500762
pgd20_ep0.5_es4_szfull_apr_emb64_ep2000_eps0.5_fgsm_best0_top100_rec	apr_fgsm_eps0.5	pgd	20	0.5	full	0	0.042641671819104	0.00290282263681	0.018557390674853	917.999999999999	0.004503311258278	0.045033112582782	6.04976579814353	6040	0.022117722690365
pgd30_ep1.0_es4_szfull_apr_emb64_ep2000_eps0.5_fgsm_best0_top100_rec	apr_fgsm_eps0.5	pgd	30	1	full	0	0.033082361674208	0.002176288296346	0.012546817885263	510	0.00362582781457	0.036258278145695	5.77033700296869	6040	0.017497805497315
pgd400_ep0.5_es4_szfull_apr_emb64_ep2000_eps0.5_fgsm_best0_top100_rec	apr_fgsm_eps0.5	pgd	400	0.5	full	0	0.00126275772071	9.97268898119395E-05	0.026651750364194	720	0.000115894039735	0.001158940397351	6.86664900674818	6040	0.000472009499525
bim430_ep1.0_es4_szfull_apr_emb64_ep2000_eps0.5_fgsm_best0_top100_rec	apr_fgsm_eps0.5	bim	430	1	full	0	0	0	0.055397949790421	1168	0	0	7.91801780996074	6040	0
bim230_ep1.0_es4_szfull_apr_emb64_ep2000_eps0.5_fgsm_best0_top100_rec	apr_fgsm_eps0.5	bim	230	1	full	0	0.000191384787568	1.5142608535419E-05	0.037569143183991	913	1.65562913907285E-05	0.000165562913907	7.33814922912178	6040	7.13040659061909E-05
pgd320_ep1.0_es4_szfull_apr_emb64_ep2000_eps0.5_fgsm_best0_top100_rec	apr_fgsm_eps0.5	pgd	320	1	full	0	0.000654788734072	5.24203257906457E-05	0.054029653859559	1114	3.31125827814569E-05	0.000331125827815	7.80524098635123	6040	0.000248344370861
pgd270_ep0.5_es4_szfull_apr_emb64_ep2000_eps0.5_fgsm_best0_top100_rec	apr_fgsm_eps0.5	pgd	270	0.5	full	0	0.003032075968751	0.000248724313244	0.018158770589234	502	0.00023178807947	0.002317880794702	6.41736874658256	6040	0.001287503748714
pgd410_ep1.0_es4_szfull_apr_emb64_ep2000_eps0.5_fgsm_best0_top100_rec	apr_fgsm_eps0.5	pgd	410	1	full	0	0.000222190857594	1.75800240941353E-05	0.061846064473461	1220	1.65562913907285E-05	0.000165562913907	8.1150784822709	6040	8.27814569536424E-05
fgsm_ep1.0_szfull_apr_emb64_ep2000_eps0.5_fgsm_best0_top100_rec	apr_fgsm_eps0.5	fgs	1	1	full	0	0.061801070517825	0.004402146369048	0.020481477509362	728.999999999999	0.006490066225166	0.064900662251656	6.46734127993658	6040	0.03140036107613
pgd50_ep0.5_es4_szfull_apr_emb64_ep2000_eps0.5_fgsm_best0_top100_rec	apr_fgsm_eps0.5	pgd	50	0.5	full	0	0.031195153446778	0.002062488576018	0.012576856047404	545	0.003443708609272	0.034437086092715	5.74954999548996	6040	0.016483644540821
bim5_ep3.0_es4_szfull_apr_emb64_ep2000_eps0.5_fgsm_best0_top100_rec	apr_fgsm_eps0.5	bim	5	3	full	0	0.036552016205997	0.002443210571817	0.015844679196719	696.999999999999	0.003890728476821	0.038907284768212	5.94275529095903	6040	0.019237087094477
pgd420_ep1.0_es4_szfull_apr_emb64_ep2000_eps0.5_fgsm_best0_top100_rec	apr_fgsm_eps0.5	pgd	420	1	full	0	0.000496462726966	4.08805047655218E-05	0.060402293303304	1234	4.96688741721854E-05	0.000496688741722	8.04745044464906	6040	0.000206656609831
bim290_ep0.5_es4_szfull_apr_emb64_ep2000_eps0.5_fgsm_best0_top100_rec	apr_fgsm_eps0.5	bim	290	0.5	full	0	0.0019729240584	0.000157964080557	0.019714489994727	519	0.000165562913907	0.001655629139073	6.5261723691802	6040	0.000750997908965
pgd320_ep0.5_es4_szfull_apr_emb64_ep2000_eps0.5_fgsm_best0_top100_rec	apr_fgsm_eps0.5	pgd	320	0.5	full	0	0.001986239683854	0.000163077540614	0.022278923237794	573	0.000165562913907	0.001655629139073	6.69577366390674	6040	0.000801333631367
pgd130_ep0.5_es4_szfull_apr_emb64_ep2000_eps0.5_fgsm_best0_top100_rec	apr_fgsm_eps0.5	pgd	130	0.5	full	0	0.029959041272313	0.001996541868748	0.012272059414966	382.999999999999	0.003360927152318	0.033609271523179	5.8815552068549	6040	0.01575584255209
bim200_ep1.0_es4_szfull_apr_emb64_ep2000_eps0.5_fgsm_best0_top100_rec	apr_fgsm_eps0.5	bim	200	1	full	0	0.000996863644607	8.05168379059834E-05	0.028652840711049	753	6.62251655629139E-05	0.000662251655629	6.98340416428625	6040	0.000383696914786
pgd390_ep0.5_es4_szfull_apr_emb64_ep2000_eps0.5_fgsm_best0_top100_rec	apr_fgsm_eps0.5	pgd	390	0.5	full	0	0.00076535875939	6.05762043900328E-05	0.02881230840729	733	6.62251655629139E-05	0.000662251655629	6.96897707759311	6040	0.000286137910316
bim110_ep0.5_es4_szfull_apr_emb64_ep2000_eps0.5_fgsm_best0_top100_rec	apr_fgsm_eps0.5	bim	110	0.5	full	0	0.028875942040885	0.001919782246375	0.012099570117347	408.999999999999	0.003377483443709	0.033774834437086	5.81990213390852	6040	0.015230703827009
pgd40_ep0.5_es4_szfull_apr_emb64_ep2000_eps0.5_fgsm_best0_top100_rec	apr_fgsm_eps0.5	pgd	40	0.5	full	0	0.03235061059814	0.002158715690027	0.013613096674442	589	0.003509933774834	0.035099337748344	5.81446031341583	6040	0.01703431537462
pgd450_ep1.0_es4_szfull_apr_emb64_ep2000_eps0.5_fgsm_best0_top100_rec	apr_fgsm_eps0.5	pgd	450	1	full	0	0.000248137995296	1.79812154470042E-05	0.055534797258046	1176	1.65562913907285E-05	0.000165562913907	7.91890698680773	6040	8.27814569536424E-05
pgd280_ep1.0_es4_szfull_apr_emb64_ep2000_eps0.5_fgsm_best0_top100_rec	apr_fgsm_eps0.5	pgd	280	1	full	0	0	0	0.052281568669508	1133	0	0	7.84605679734875	6040	0
pgd100_ep0.5_es4_szfull_apr_emb64_ep2000_eps0.5_fgsm_best0_top100_rec	apr_fgsm_eps0.5	pgd	100	0.5	full	0	0.029554909779164	0.001959036827242	0.011692683057619	426	0.003360927152318	0.033609271523179	5.76342152726807	6040	0.015603179155613
pgd100_ep1.0_es4_szfull_apr_emb64_ep2000_eps0.5_fgsm_best0_top100_rec	apr_fgsm_eps0.5	pgd	100	1	full	0	0.018035955223	0.001245331971491	0.012729442046277	438	0.001970198675497	0.019701986754967	5.93164185764063	6040	0.009303494308288
bim130_ep1.0_es4_szfull_apr_emb64_ep2000_eps0.5_fgsm_best0_top100_rec	apr_fgsm_eps0.5	bim	130	1	full	0	0.003138772833206	0.000235654091615	0.018560876209883	504	0.000314569536424	0.003145695364238	6.48147821514801	6040	0.001406194000291
pgd10_ep2.0_es4_szfull_apr_emb64_ep2000_eps0.5_fgsm_best0_top100_rec	apr_fgsm_eps0.5	pgd	10	2	full	0	0.034387710954354	0.002277355196665	0.014530498431509	611	0.00385761589404	0.038576158940397	5.86692129139873	6040	0.018162697525742
pgd180_ep0.5_es4_szfull_apr_emb64_ep2000_eps0.5_fgsm_best0_top100_rec	apr_fgsm_eps0.5	pgd	180	0.5	full	0	0.027352805588972	0.001926379889921	0.012190864323315	420.999999999999	0.00296357615894	0.029635761589404	5.87459108735304	6040	0.014130163729955
bim430_ep0.5_es4_szfull_apr_emb64_ep2000_eps0.5_fgsm_best0_top100_rec	apr_fgsm_eps0.5	bim	430	0.5	full	0	0.000593787011718	4.73824899255669E-05	0.033667980445255	820	6.62251655629139E-05	0.000662251655629	7.14563042044156	6040	0.000226069230794
pgd250_ep1.0_es4_szfull_apr_emb64_ep2000_eps0.5_fgsm_best0_top100_rec	apr_fgsm_eps0.5	pgd	250	1	full	0	0.00015829196077	1.25242618637264E-05	0.039583639434807	989	1.65562913907285E-05	0.000165562913907	7.26700735539027	6040	5.89746998523215E-05
pgd460_ep1.0_es4_szfull_apr_emb64_ep2000_eps0.5_fgsm_best0_top100_rec	apr_fgsm_eps0.5	pgd	460	1	full	0	0.000257461494587	2.13803766073241E-05	0.056058941291078	1208	1.65562913907285E-05	0.000165562913907	7.86064145099879	6040	0.000104458568472
bim140_ep1.0_es4_szfull_apr_emb64_ep2000_eps0.5_fgsm_best0_top100_rec	apr_fgsm_eps0.5	bim	140	1	full	0	0.00286054039081	0.000234128956472	0.018255284160478	549	0.000264900662252	0.002649006622517	6.44042640763287	6040	0.001131277623233
pgd5_ep3.0_es4_szfull_apr_emb64_ep2000_eps0.5_fgsm_best0_top100_rec	apr_fgsm_eps0.5	pgd	5	3	full	0	0.039614337443147	0.002666125952302	0.016806981794782	737.999999999999	0.004221854304636	0.042218543046358	5.980086220182	6040	0.020738294449099
bim460_ep1.0_es4_szfull_apr_emb64_ep2000_eps0.5_fgsm_best0_top100_rec	apr_fgsm_eps0.5	bim	460	1	full	0	0.000907230868943	7.22231585865763E-05	0.064628531338535	1252	4.96688741721854E-05	0.000496688741722	8.07725555837276	6040	0.000341325548286
bim460_ep0.5_es4_szfull_apr_emb64_ep2000_eps0.5_fgsm_best0_top100_rec	apr_fgsm_eps0.5	bim	460	0.5	full	0	0.000713696160526	4.10119534536364E-05	0.042870579403169	1034	4.96688741721854E-05	0.000496688741722	7.46923405536565	6040	0.000190198379159
pgd370_ep0.5_es4_szfull_apr_emb64_ep2000_eps0.5_fgsm_best0_top100_rec	apr_fgsm_eps0.5	pgd	370	0.5	full	0	0.001872801436791	0.000146238111535	0.026364622713176	687	0.000149006622517	0.001490066225166	6.80906995520086	6040	0.000685821899172
bim40_ep1.0_es4_szfull_apr_emb64_ep2000_eps0.5_fgsm_best0_top100_rec	apr_fgsm_eps0.5	bim	40	1	full	0	0.030814939892295	0.002036476166473	0.011889249358751	486	0.003493377483444	0.034933774834437	5.73921572470285	6040	0.01628754335983
bim230_ep0.5_es4_szfull_apr_emb64_ep2000_eps0.5_fgsm_best0_top100_rec	apr_fgsm_eps0.5	bim	230	0.5	full	0	0.005631436619376	0.000457616925032	0.015418702129751	476	0.000596026490066	0.005960264900662	6.22487421144654	6040	0.002545334990323
pgd300_ep1.0_es4_szfull_apr_emb64_ep2000_eps0.5_fgsm_best0_top100_rec	apr_fgsm_eps0.5	pgd	300	1	full	0	0	0	0.052069111903549	1089	0	0	7.86696728996889	6040	0
bim30_ep2.0_es4_szfull_apr_emb64_ep2000_eps0.5_fgsm_best0_top100_rec	apr_fgsm_eps0.5	bim	30	2	full	0	0.028778565892667	0.001906061228061	0.012902270960131	434.999999999999	0.003162251655629	0.031622516556291	5.90968613471693	6040	0.015183851207889
bim410_ep0.5_es4_szfull_apr_emb64_ep2000_eps0.5_fgsm_best0_top100_rec	apr_fgsm_eps0.5	bim	410	0.5	full	0	0.001619635105757	0.00012799328974	0.030345210964242	787	9.93377483443709E-05	0.000993377483444	6.96568431698269	6040	0.000604105663927
pgd190_ep1.0_es4_szfull_apr_emb64_ep2000_eps0.5_fgsm_best0_top100_rec	apr_fgsm_eps0.5	pgd	190	1	full	0	0.001510717025311	0.000119782990406	0.024088800707832	704	0.000115894039735	0.001158940397351	6.74219340610566	6040	0.000565302621502
pgd80_ep0.5_es4_szfull_apr_emb64_ep2000_eps0.5_fgsm_best0_top100_rec	apr_fgsm_eps0.5	pgd	80	0.5	full	0	0.032300500687545	0.002127026449333	0.011768265544146	494	0.003526490066225	0.035264900662252	5.74496099871198	6040	0.017075637926739
pgd360_ep0.5_es4_szfull_apr_emb64_ep2000_eps0.5_fgsm_best0_top100_rec	apr_fgsm_eps0.5	pgd	360	0.5	full	0	0.00050181720684	4.02021165935884E-05	0.023578974180229	633	4.96688741721854E-05	0.000496688741722	6.73173380008622	6040	0.000190540181894
pgd210_ep1.0_es4_szfull_apr_emb64_ep2000_eps0.5_fgsm_best0_top100_rec	apr_fgsm_eps0.5	pgd	210	1	full	0	0.000707279038627	5.70027701979107E-05	0.031673021065144	821	4.96688741721854E-05	0.000496688741722	7.06313939038372	6040	0.000272396028713
bim10_ep1.0_es4_szfull_apr_emb64_ep2000_eps0.5_fgsm_best0_top100_rec	apr_fgsm_eps0.5	bim	10	1	full	0	0.045184932444601	0.003083027938024	0.018129509969524	915.999999999999	0.004867549668874	0.048675496688742	6.00864667100612	6040	0.023371675493181
bim400_ep1.0_es4_szfull_apr_emb64_ep2000_eps0.5_fgsm_best0_top100_rec	apr_fgsm_eps0.5	bim	400	1	full	0	0	0	0.056234808876496	1187	0	0	7.85488970923354	6040	0
bim470_ep0.5_es4_szfull_apr_emb64_ep2000_eps0.5_fgsm_best0_top100_rec	apr_fgsm_eps0.5	bim	470	0.5	full	0	0.000529018727364	3.47732478642697E-05	0.042572324851864	932	4.96688741721854E-05	0.000496688741722	7.59771168424764	6040	0.000162604560174
pgd350_ep1.0_es4_szfull_apr_emb64_ep2000_eps0.5_fgsm_best0_top100_rec	apr_fgsm_eps0.5	pgd	350	1	full	0	0.000397362561338	2.40354456181181E-05	0.053049154981187	1172	3.31125827814569E-05	0.000331125827815	7.81813784995109	6040	0.000111203984088
pgd490_ep1.0_es4_szfull_apr_emb64_ep2000_eps0.5_fgsm_best0_top100_rec	apr_fgsm_eps0.5	pgd	490	1	full	0	0	0	0.060459813568562	1278	0	0	7.99002563271663	6040	0
bim160_ep1.0_es4_szfull_apr_emb64_ep2000_eps0.5_fgsm_best0_top100_rec	apr_fgsm_eps0.5	bim	160	1	full	0	0.00237413487903	0.000192906584174	0.022913692790305	578	0.000248344370861	0.002483443708609	6.71688458512276	6040	0.000925978783071
pgd220_ep0.5_es4_szfull_apr_emb64_ep2000_eps0.5_fgsm_best0_top100_rec	apr_fgsm_eps0.5	pgd	220	0.5	full	0	0.017953835638064	0.001399894749897	0.01530888096451	498	0.00135761589404	0.013576158940397	6.21027930469362	6040	0.008692506541686
pgd490_ep0.5_es4_szfull_apr_emb64_ep2000_eps0.5_fgsm_best0_top100_rec	apr_fgsm_eps0.5	pgd	490	0.5	full	0	0.000493171808599	3.60294694423588E-05	0.04438121028501	1008	3.31125827814569E-05	0.000331125827815	7.55771706005629	6040	0.000168507046491
bim420_ep0.5_es4_szfull_apr_emb64_ep2000_eps0.5_fgsm_best0_top100_rec	apr_fgsm_eps0.5	bim	420	0.5	full	0	0.001465598390232	0.000116449259001	0.028679107345542	811	8.27814569536424E-05	0.000827814569536	6.94153389734971	6040	0.000549472277561
pgd440_ep1.0_es4_szfull_apr_emb64_ep2000_eps0.5_fgsm_best0_top100_rec	apr_fgsm_eps0.5	pgd	440	1	full	0	0	0	0.052223690913478	1169	0	0	7.76318628844448	6040	0
fgsm_ep0.5_szfull_apr_emb64_ep2000_eps0.5_fgsm_best0_top100_rec	apr_fgsm_eps0.5	fgs	1	0.5	full	0	0.072406482223928	0.005253582321161	0.024830844303832	825	0.007450331125828	0.074503311258278	6.7520257221818	6040	0.036319291312893
pgd5_ep1.0_es4_szfull_apr_emb64_ep2000_eps0.5_fgsm_best0_top100_rec	apr_fgsm_eps0.5	pgd	5	1	full	0	0.056479610854244	0.004003392343255	0.01855047322841	810.999999999999	0.005993377483444	0.059933774834437	6.25414046488952	6040	0.028585729259398
bim390_ep1.0_es4_szfull_apr_emb64_ep2000_eps0.5_fgsm_best0_top100_rec	apr_fgsm_eps0.5	bim	390	1	full	0	0.000126634283703	1.05817067773475E-05	0.054081829637773	1176	1.65562913907285E-05	0.000165562913907	7.84143237000821	6040	5.22292842360478E-05
pgd470_ep0.5_es4_szfull_apr_emb64_ep2000_eps0.5_fgsm_best0_top100_rec	apr_fgsm_eps0.5	pgd	470	0.5	full	0	0	0	0.041466775701352	931	0	0	7.45801649657864	6040	0
pgd180_ep1.0_es4_szfull_apr_emb64_ep2000_eps0.5_fgsm_best0_top100_rec	apr_fgsm_eps0.5	pgd	180	1	full	0	0.000302418800745	2.40653179677998E-05	0.022888963366133	664	3.31125827814569E-05	0.000331125827815	6.69457864312422	6040	0.000113887881275
pgd260_ep1.0_es4_szfull_apr_emb64_ep2000_eps0.5_fgsm_best0_top100_rec	apr_fgsm_eps0.5	pgd	260	1	full	0	0.000421599070103	3.44662586306777E-05	0.046333923193107	1115	1.65562913907285E-05	0.000165562913907	7.55426751946071	6040	0.000165562913907
fgsm_ep3.0_szfull_apr_emb64_ep2000_eps0.5_fgsm_best0_top100_rec	apr_fgsm_eps0.5	fgs	1	3	full	0	0.043380073427215	0.003014198371859	0.025013539963	926.999999999999	0.004586092715232	0.045860927152318	6.4945352605663	6040	0.022266258494475
bim360_ep0.5_es4_szfull_apr_emb64_ep2000_eps0.5_fgsm_best0_top100_rec	apr_fgsm_eps0.5	bim	360	0.5	full	0	0.00115679005105	9.21416353534475E-05	0.027223789223441	700	0.000132450331126	0.001324503311258	6.97485826320695	6040	0.000436952021393
pgd350_ep0.5_es4_szfull_apr_emb64_ep2000_eps0.5_fgsm_best0_top100_rec	apr_fgsm_eps0.5	pgd	350	0.5	full	0	0.001527641571574	0.000123302459296	0.024126989659579	636	0.000115894039735	0.001158940397351	6.77850716623812	6040	0.000588455631315
apr_emb64_ep2000_eps0.5_fgsm-top100-rec	apr_fgsm_eps0.5	apr	1	2000	XX	1	0.09711808102496	0.007418922415931	0.076972526834152	1515	0.009139072847682	0.091390728476821	8.35676794488561	6040	0.046185270267931
bim250_ep1.0_es4_szfull_apr_emb64_ep2000_eps0.5_fgsm_best0_top100_rec	apr_fgsm_eps0.5	bim	250	1	full	0	0	0	0.037144864198193	973	0	0	7.25750449967059	6040	0
pgd30_ep0.5_es4_szfull_apr_emb64_ep2000_eps0.5_fgsm_best0_top100_rec	apr_fgsm_eps0.5	pgd	30	0.5	full	0	0.037219210151041	0.002486804466125	0.015020260789518	671.999999999999	0.004122516556291	0.041225165562914	5.86876421327573	6040	0.019578477302073
bim140_ep0.5_es4_szfull_apr_emb64_ep2000_eps0.5_fgsm_best0_top100_rec	apr_fgsm_eps0.5	bim	140	0.5	full	0	0.030221931906923	0.002022871095216	0.01263774566319	398.999999999999	0.003360927152318	0.033609271523179	5.91836075606739	6040	0.015890847392274
bim70_ep0.5_es4_szfull_apr_emb64_ep2000_eps0.5_fgsm_best0_top100_rec	apr_fgsm_eps0.5	bim	70	0.5	full	0	0.030070440384859	0.001981455708797	0.012316370396189	492	0.00341059602649	0.034105960264901	5.76451210556278	6040	0.015904964453005
pgd470_ep1.0_es4_szfull_apr_emb64_ep2000_eps0.5_fgsm_best0_top100_rec	apr_fgsm_eps0.5	pgd	470	1	full	0	0.000223854223601	1.7619238286521E-05	0.059141736153936	1273	1.65562913907285E-05	0.000165562913907	7.9027651305027	6040	8.27814569536424E-05
bim200_ep0.5_es4_szfull_apr_emb64_ep2000_eps0.5_fgsm_best0_top100_rec	apr_fgsm_eps0.5	bim	200	0.5	full	0	0.022377532957821	0.001582229605003	0.012854563816572	435	0.002417218543046	0.024172185430464	5.93676816054966	6040	0.011429741534303
pgd10_ep1.0_es4_szfull_apr_emb64_ep2000_eps0.5_fgsm_best0_top100_rec	apr_fgsm_eps0.5	pgd	10	1	full	0	0.044562620932636	0.00305593069053	0.01827987952561	916.999999999999	0.004867549668874	0.048675496688742	6.02644085992499	6040	0.023032906182738
pgd200_ep0.5_es4_szfull_apr_emb64_ep2000_eps0.5_fgsm_best0_top100_rec	apr_fgsm_eps0.5	pgd	200	0.5	full	0	0.022431476712283	0.001506216235892	0.012174115880634	386.999999999999	0.002284768211921	0.022847682119205	5.88650922602687	6040	0.011680990509588
bim350_ep0.5_es4_szfull_apr_emb64_ep2000_eps0.5_fgsm_best0_top100_rec	apr_fgsm_eps0.5	bim	350	0.5	full	0	0.001244767245148	9.97251886659476E-05	0.021251736064563	629	0.000115894039735	0.001158940397351	6.54476198047437	6040	0.000475120888147
pgd380_ep0.5_es4_szfull_apr_emb64_ep2000_eps0.5_fgsm_best0_top100_rec	apr_fgsm_eps0.5	pgd	380	0.5	full	0	0.00159791040105	0.000123516068781	0.026608359921709	724	0.000115894039735	0.001158940397351	6.89547213914665	6040	0.000577599581814
pgd450_ep0.5_es4_szfull_apr_emb64_ep2000_eps0.5_fgsm_best0_top100_rec	apr_fgsm_eps0.5	pgd	450	0.5	full	0	0.000192034808623	1.51581980431768E-05	0.038195359769776	911	1.65562913907285E-05	0.000165562913907	7.42598006361626	6040	7.13040659061909E-05
pgd70_ep0.5_es4_szfull_apr_emb64_ep2000_eps0.5_fgsm_best0_top100_rec	apr_fgsm_eps0.5	pgd	70	0.5	full	0	0.030873562468768	0.002022115610172	0.011482952158798	452	0.00341059602649	0.034105960264901	5.70931868346349	6040	0.016352808988693
pgd250_ep0.5_es4_szfull_apr_emb64_ep2000_eps0.5_fgsm_best0_top100_rec	apr_fgsm_eps0.5	pgd	250	0.5	full	0	0.004205071881887	0.000338599226391	0.015277618396475	485	0.000331125827815	0.003311258278146	6.18775063780243	6040	0.001920051652031
bim90_ep0.5_es4_szfull_apr_emb64_ep2000_eps0.5_fgsm_best0_top100_rec	apr_fgsm_eps0.5	bim	90	0.5	full	0	0.030955621558679	0.002062862579539	0.011548614276394	432	0.003543046357616	0.035430463576159	5.73587315630025	6040	0.016313147499968
bim1_ep1.0_es4_szfull_apr_emb64_ep2000_eps0.5_fgsm_best0_top100_rec	apr_fgsm_eps0.5	bim	1	1	full	0	0.074485072723807	0.005456740445676	0.030179674862143	912	0.007682119205298	0.07682119205298	7.01779514399207	6040	0.037038169274486
bim410_ep1.0_es4_szfull_apr_emb64_ep2000_eps0.5_fgsm_best0_top100_rec	apr_fgsm_eps0.5	bim	410	1	full	0	0	0	0.057843079425512	1186	0	0	7.91292743192018	6040	0
bim300_ep1.0_es4_szfull_apr_emb64_ep2000_eps0.5_fgsm_best0_top100_rec	apr_fgsm_eps0.5	bim	300	1	full	0	0	0	0.049635547094941	1133	0	0	7.66641179651903	6040	0
pgd240_ep1.0_es4_szfull_apr_emb64_ep2000_eps0.5_fgsm_best0_top100_rec	apr_fgsm_eps0.5	pgd	240	1	full	0	0.000546568878566	4.35809102673714E-05	0.038041951542126	994	4.96688741721854E-05	0.000496688741722	7.27559876270085	6040	0.000206527255964
pgd230_ep0.5_es4_szfull_apr_emb64_ep2000_eps0.5_fgsm_best0_top100_rec	apr_fgsm_eps0.5	pgd	230	0.5	full	0	0.010342577240801	0.000819643340721	0.015176725563272	447	0.000927152317881	0.009271523178808	6.22587617268816	6040	0.004827221518969
pgd60_ep1.0_es4_szfull_apr_emb64_ep2000_eps0.5_fgsm_best0_top100_rec	apr_fgsm_eps0.5	pgd	60	1	full	0	0.030030617298416	0.002000948717577	0.012058181623187	408.999999999999	0.003576158940397	0.035761589403974	5.83229958848086	6040	0.015830510229983
bim60_ep0.5_es4_szfull_apr_emb64_ep2000_eps0.5_fgsm_best0_top100_rec	apr_fgsm_eps0.5	bim	60	0.5	full	0	0.030275084349769	0.002002451148969	0.012170129858523	526	0.003493377483444	0.034933774834437	5.7257693447221	6040	0.015993204761089
bim1_ep0.5_es4_szfull_apr_emb64_ep2000_eps0.5_fgsm_best0_top100_rec	apr_fgsm_eps0.5	bim	1	0.5	full	0	0.079354094505429	0.005839893677807	0.034669124415726	998	0.008046357615894	0.08046357615894	7.20544292919474	6040	0.039258559762226
bim340_ep0.5_es4_szfull_apr_emb64_ep2000_eps0.5_fgsm_best0_top100_rec	apr_fgsm_eps0.5	bim	340	0.5	full	0	0.000976059404367	7.82747706645278E-05	0.023682110268029	616	9.93377483443709E-05	0.000993377483444	6.79372437956121	6040	0.000371640798603
pgd150_ep1.0_es4_szfull_apr_emb64_ep2000_eps0.5_fgsm_best0_top100_rec	apr_fgsm_eps0.5	pgd	150	1	full	0	0.001433605819591	0.000115985395482	0.019343405635842	511	9.93377483443709E-05	0.000993377483444	6.53064978309147	6040	0.000555388985027
bim30_ep1.0_es4_szfull_apr_emb64_ep2000_eps0.5_fgsm_best0_top100_rec	apr_fgsm_eps0.5	bim	30	1	full	0	0.030506799530435	0.002022502328007	0.012459902941255	506	0.003526490066225	0.035264900662252	5.76066834209126	6040	0.016100652819528
pgd330_ep0.5_es4_szfull_apr_emb64_ep2000_eps0.5_fgsm_best0_top100_rec	apr_fgsm_eps0.5	pgd	330	0.5	full	0	0.001302778859393	0.000105923992068	0.020803058333557	612	0.000115894039735	0.001158940397351	6.56146818706725	6040	0.000508078276491
pgd5_ep0.5_es4_szfull_apr_emb64_ep2000_eps0.5_fgsm_best0_top100_rec	apr_fgsm_eps0.5	pgd	5	0.5	full	0	0.065164110253886	0.004661104350881	0.02197589618468	749	0.006837748344371	0.068377483443709	6.58662381901899	6040	0.033098439802014
pgd420_ep0.5_es4_szfull_apr_emb64_ep2000_eps0.5_fgsm_best0_top100_rec	apr_fgsm_eps0.5	pgd	420	0.5	full	0	0.001116017964112	8.92174420688091E-05	0.032160790412098	807	8.27814569536424E-05	0.000827814569536	7.15626363789253	6040	0.000422906938557
bim370_ep0.5_es4_szfull_apr_emb64_ep2000_eps0.5_fgsm_best0_top100_rec	apr_fgsm_eps0.5	bim	370	0.5	full	0	0.001472540863083	0.00011730910162	0.024461511649731	652	0.000115894039735	0.001158940397351	6.75562069418084	6040	0.000554578507611
bim480_ep1.0_es4_szfull_apr_emb64_ep2000_eps0.5_fgsm_best0_top100_rec	apr_fgsm_eps0.5	bim	480	1	full	0	0	0	0.06153629871929	1218	0	0	8.07596616802462	6040	0
pgd50_ep1.0_es4_szfull_apr_emb64_ep2000_eps0.5_fgsm_best0_top100_rec	apr_fgsm_eps0.5	pgd	50	1	full	0	0.030301300866007	0.002005286448392	0.012440491192321	467	0.003377483443709	0.033774834437086	5.81287701358912	6040	0.015997002764366
pgd400_ep1.0_es4_szfull_apr_emb64_ep2000_eps0.5_fgsm_best0_top100_rec	apr_fgsm_eps0.5	pgd	400	1	full	0	0	0	0.059544941058709	1221	0	0	8.00279334812621	6040	0
bim310_ep0.5_es4_szfull_apr_emb64_ep2000_eps0.5_fgsm_best0_top100_rec	apr_fgsm_eps0.5	bim	310	0.5	full	0	0.001651475008014	0.00013173470541	0.020657926017285	556	0.000115894039735	0.001158940397351	6.58531070139558	6040	0.000625902285772
pgd120_ep0.5_es4_szfull_apr_emb64_ep2000_eps0.5_fgsm_best0_top100_rec	apr_fgsm_eps0.5	pgd	120	0.5	full	0	0.030547671432596	0.002054180114522	0.012004164767497	377.999999999999	0.003476821192053	0.03476821192053	5.82237318602678	6040	0.016032844181134
bim20_ep0.5_es4_szfull_apr_emb64_ep2000_eps0.5_fgsm_best0_top100_rec	apr_fgsm_eps0.5	bim	20	0.5	full	0	0.042129658391276	0.002864704042428	0.0183212590825	924	0.004685430463576	0.046854304635762	6.02248745297367	6040	0.021912049666624
fgsm_ep2.0_szfull_apr_emb64_ep2000_eps0.5_fgsm_best0_top100_rec	apr_fgsm_eps0.5	fgs	1	2	full	0	0.053254688654665	0.003762011821997	0.021899786399263	859.999999999999	0.005546357615894	0.05546357615894	6.40602818371645	6040	0.027027080314929
pgd480_ep0.5_es4_szfull_apr_emb64_ep2000_eps0.5_fgsm_best0_top100_rec	apr_fgsm_eps0.5	pgd	480	0.5	full	0	0.000144155279911	1.07694713248467E-05	0.04264484185502	971	1.65562913907285E-05	0.000165562913907	7.52887702048542	6040	4.9839403255626E-05
pgd190_ep0.5_es4_szfull_apr_emb64_ep2000_eps0.5_fgsm_best0_top100_rec	apr_fgsm_eps0.5	pgd	190	0.5	full	0	0.022428479927536	0.001530994678273	0.012988962472406	445	0.002433774834437	0.024337748344371	5.96971337540725	6040	0.011702938942366
bim450_ep0.5_es4_szfull_apr_emb64_ep2000_eps0.5_fgsm_best0_top100_rec	apr_fgsm_eps0.5	bim	450	0.5	full	0	0.000654368630286	5.01791999557618E-05	0.037509013236096	956	4.96688741721854E-05	0.000496688741722	7.36584403453974	6040	0.000235098440379
bim10_ep2.0_es4_szfull_apr_emb64_ep2000_eps0.5_fgsm_best0_top100_rec	apr_fgsm_eps0.5	bim	10	2	full	0	0.035349508281315	0.00236164280111	0.014474997989115	588	0.004056291390728	0.040562913907285	5.87258455289284	6040	0.018602053398273
bim490_ep1.0_es4_szfull_apr_emb64_ep2000_eps0.5_fgsm_best0_top100_rec	apr_fgsm_eps0.5	bim	490	1	full	0	0.000196786722501	1.52595298436026E-05	0.058903459616949	1233	1.65562913907285E-05	0.000165562913907	7.97409118857778	6040	7.13040659061909E-05
bim90_ep1.0_es4_szfull_apr_emb64_ep2000_eps0.5_fgsm_best0_top100_rec	apr_fgsm_eps0.5	bim	90	1	full	0	0.022366423380224	0.001512158778125	0.012570644645235	427.999999999999	0.002301324503311	0.023013245033113	5.92199908321922	6040	0.011685105363163
bim370_ep1.0_es4_szfull_apr_emb64_ep2000_eps0.5_fgsm_best0_top100_rec	apr_fgsm_eps0.5	bim	370	1	full	0	0	0	0.052122529962195	1165	0	0	7.78194984735347	6040	0
bim260_ep0.5_es4_szfull_apr_emb64_ep2000_eps0.5_fgsm_best0_top100_rec	apr_fgsm_eps0.5	bim	260	0.5	full	0	0.003062598191857	0.000251359754924	0.017160316736824	489.999999999999	0.000264900662252	0.002649006622517	6.34572976015461	6040	0.001237842860922
bim280_ep0.5_es4_szfull_apr_emb64_ep2000_eps0.5_fgsm_best0_top100_rec	apr_fgsm_eps0.5	bim	280	0.5	full	0	0.00189991079882	0.000156812762662	0.020179889356606	526	0.000182119205298	0.00182119205298	6.57791140720252	6040	0.000764016330778
pgd370_ep1.0_es4_szfull_apr_emb64_ep2000_eps0.5_fgsm_best0_top100_rec	apr_fgsm_eps0.5	pgd	370	1	full	0	0.000138835332839	1.10575029453937E-05	0.052136454227775	1146	1.65562913907285E-05	0.000165562913907	7.73665623441984	6040	5.22292842360478E-05
pgd40_ep1.0_es4_szfull_apr_emb64_ep2000_eps0.5_fgsm_best0_top100_rec	apr_fgsm_eps0.5	pgd	40	1	full	0	0.031628646546286	0.002092582859871	0.011909805078157	487	0.003692052980132	0.036920529801325	5.74122358626448	6040	0.016703908734273
pgd280_ep0.5_es4_szfull_apr_emb64_ep2000_eps0.5_fgsm_best0_top100_rec	apr_fgsm_eps0.5	pgd	280	0.5	full	0	0.00238899176243	0.000190389917522	0.019196521614786	532	0.000198675496689	0.001986754966887	6.503434863913	6040	0.000901830223234
pgd80_ep1.0_es4_szfull_apr_emb64_ep2000_eps0.5_fgsm_best0_top100_rec	apr_fgsm_eps0.5	pgd	80	1	full	0	0.026866172875968	0.001801490125834	0.012394803871625	386.999999999999	0.003029801324503	0.030298013245033	5.92257738300047	6040	0.014104400031275
pgd150_ep0.5_es4_szfull_apr_emb64_ep2000_eps0.5_fgsm_best0_top100_rec	apr_fgsm_eps0.5	pgd	150	0.5	full	0	0.028022391242835	0.00188085620276	0.012355819502909	400.999999999999	0.003046357615894	0.03046357615894	5.89804390277619	6040	0.014724425912037
pgd260_ep0.5_es4_szfull_apr_emb64_ep2000_eps0.5_fgsm_best0_top100_rec	apr_fgsm_eps0.5	pgd	260	0.5	full	0	0.001901197648351	0.000154884269615	0.018175313474721	489	0.000215231788079	0.002152317880795	6.45658801164877	6040	0.000779192927431
pgd300_ep0.5_es4_szfull_apr_emb64_ep2000_eps0.5_fgsm_best0_top100_rec	apr_fgsm_eps0.5	pgd	300	0.5	full	0	0.00208504960691	0.000171500188519	0.021721362754824	591	0.000215231788079	0.002152317880795	6.63715583533062	6040	0.000868864488515
pgd90_ep1.0_es4_szfull_apr_emb64_ep2000_eps0.5_fgsm_best0_top100_rec	apr_fgsm_eps0.5	pgd	90	1	full	0	0.027694670835504	0.001884390613657	0.013064616457088	433	0.002864238410596	0.02864238410596	5.99727754337751	6040	0.01445667686549
pgd340_ep0.5_es4_szfull_apr_emb64_ep2000_eps0.5_fgsm_best0_top100_rec	apr_fgsm_eps0.5	pgd	340	0.5	full	0	0.000836540245322	6.68560338198972E-05	0.020825687499442	604	8.27814569536424E-05	0.000827814569536	6.55664204069158	6040	0.000320689593785
pgd380_ep1.0_es4_szfull_apr_emb64_ep2000_eps0.5_fgsm_best0_top100_rec	apr_fgsm_eps0.5	pgd	380	1	full	0	0	0	0.060868068030494	1210	0	0	8.06588052061355	6040	0
pgd330_ep1.0_es4_szfull_apr_emb64_ep2000_eps0.5_fgsm_best0_top100_rec	apr_fgsm_eps0.5	pgd	330	1	full	0	0.000152296516695	1.23523433755489E-05	0.050360484757487	1105	1.65562913907285E-05	0.000165562913907	7.75621440775021	6040	5.89746998523215E-05
bim50_ep1.0_es4_szfull_apr_emb64_ep2000_eps0.5_fgsm_best0_top100_rec	apr_fgsm_eps0.5	bim	50	1	full	0	0.030188936094284	0.002011720319908	0.011980695498297	445	0.003360927152318	0.033609271523179	5.78620665842752	6040	0.015900220746996
bim120_ep1.0_es4_szfull_apr_emb64_ep2000_eps0.5_fgsm_best0_top100_rec	apr_fgsm_eps0.5	bim	120	1	full	0	0.006948782422045	0.000512740931268	0.01712892010975	506	0.000579470198675	0.005794701986755	6.35806465523296	6040	0.003314023031795
pgd430_ep1.0_es4_szfull_apr_emb64_ep2000_eps0.5_fgsm_best0_top100_rec	apr_fgsm_eps0.5	pgd	430	1	full	0	0.000440097592651	3.50514550401256E-05	0.051399772993359	1135	1.65562913907285E-05	0.000165562913907	7.76206549610981	6040	0.000165562913907
bim320_ep1.0_es4_szfull_apr_emb64_ep2000_eps0.5_fgsm_best0_top100_rec	apr_fgsm_eps0.5	bim	320	1	full	0	0.000136538526362	1.06459765440559E-05	0.055124388914211	1176	1.65562913907285E-05	0.000165562913907	7.91186090922248	6040	4.9839403255626E-05
bim490_ep0.5_es4_szfull_apr_emb64_ep2000_eps0.5_fgsm_best0_top100_rec	apr_fgsm_eps0.5	bim	490	0.5	full	0	0.000143455933026	1.03954738403456E-05	0.034901725786703	925	1.65562913907285E-05	0.000165562913907	7.12395899758499	6040	4.78584149532927E-05
pgd30_ep2.0_es4_szfull_apr_emb64_ep2000_eps0.5_fgsm_best0_top100_rec	apr_fgsm_eps0.5	pgd	30	2	full	0	0.029606162849066	0.001967044601052	0.01300412901842	420.999999999999	0.003294701986755	0.03294701986755	5.91093945886346	6040	0.015609349102512
bim30_ep3.0_es4_szfull_apr_emb64_ep2000_eps0.5_fgsm_best0_top100_rec	apr_fgsm_eps0.5	bim	30	3	full	0	0.024082842693443	0.001697057630536	0.013234272640338	436.999999999999	0.002930463576159	0.029304635761589	5.98432576220513	6040	0.012447155218095
bim5_ep0.5_es4_szfull_apr_emb64_ep2000_eps0.5_fgsm_best0_top100_rec	apr_fgsm_eps0.5	bim	5	0.5	full	0	0.07008028561519	0.005057174194412	0.022115344397673	785.999999999999	0.007284768211921	0.072847682119205	6.58402087281671	6040	0.035252019701129
bim80_ep1.0_es4_szfull_apr_emb64_ep2000_eps0.5_fgsm_best0_top100_rec	apr_fgsm_eps0.5	bim	80	1	full	0	0.024331861756741	0.001623285431768	0.013210660374829	396.999999999999	0.002682119205298	0.02682119205298	5.9881138410482	6040	0.012802753842548
pgd140_ep1.0_es4_szfull_apr_emb64_ep2000_eps0.5_fgsm_best0_top100_rec	apr_fgsm_eps0.5	pgd	140	1	full	0	0.003633137740836	0.000297144699355	0.019187074921129	527	0.000380794701987	0.003807947019868	6.50715036886571	6040	0.001434007791511
bim360_ep1.0_es4_szfull_apr_emb64_ep2000_eps0.5_fgsm_best0_top100_rec	apr_fgsm_eps0.5	bim	360	1	full	0	0.000190037337437	1.51088312686104E-05	0.054377831997212	1136	1.65562913907285E-05	0.000165562913907	7.85795490583703	6040	7.13040659061909E-05
pgd360_ep1.0_es4_szfull_apr_emb64_ep2000_eps0.5_fgsm_best0_top100_rec	apr_fgsm_eps0.5	pgd	360	1	full	0	0.000131840717055	1.10664461896621E-05	0.054171390013495	1214	1.65562913907285E-05	0.000165562913907	7.84964327722717	6040	5.51876379690949E-05
bim110_ep1.0_es4_szfull_apr_emb64_ep2000_eps0.5_fgsm_best0_top100_rec	apr_fgsm_eps0.5	bim	110	1	full	0	0.01086528161861	0.000818134123987	0.01356684630578	473	0.000943708609272	0.009437086092715	6.02044852905965	6040	0.005298070352469
pgd160_ep1.0_es4_szfull_apr_emb64_ep2000_eps0.5_fgsm_best0_top100_rec	apr_fgsm_eps0.5	pgd	160	1	full	0	0.001085634500923	8.66222020959388E-05	0.021556032209919	533	0.000115894039735	0.001158940397351	6.67962999764009	6040	0.000409974461691
bim150_ep0.5_es4_szfull_apr_emb64_ep2000_eps0.5_fgsm_best0_top100_rec	apr_fgsm_eps0.5	bim	150	0.5	full	0	0.026691003544153	0.001784246813649	0.012710083920959	400	0.003013245033113	0.030132450331126	5.94225406335437	6040	0.014043521093819
bim420_ep1.0_es4_szfull_apr_emb64_ep2000_eps0.5_fgsm_best0_top100_rec	apr_fgsm_eps0.5	bim	420	1	full	0	0.000406414522993	3.32250584029144E-05	0.059714990481808	1249	3.31125827814569E-05	0.000331125827815	7.92715902664763	6040	0.000159646206441
bim350_ep1.0_es4_szfull_apr_emb64_ep2000_eps0.5_fgsm_best0_top100_rec	apr_fgsm_eps0.5	bim	350	1	full	0	0	0	0.057634590807125	1190	0	0	7.98510032799815	6040	0
pgd110_ep1.0_es4_szfull_apr_emb64_ep2000_eps0.5_fgsm_best0_top100_rec	apr_fgsm_eps0.5	pgd	110	1	full	0	0.01396302631114	0.001016482895373	0.012858174473371	438	0.001490066225166	0.014900662251656	5.90268806153178	6040	0.007034965979681
bim30_ep0.5_es4_szfull_apr_emb64_ep2000_eps0.5_fgsm_best0_top100_rec	apr_fgsm_eps0.5	bim	30	0.5	full	0	0.037752657600873	0.002536141548833	0.014597706696696	640	0.004122516556291	0.041225165562914	5.86166093449127	6040	0.019841134765632
pgd170_ep0.5_es4_szfull_apr_emb64_ep2000_eps0.5_fgsm_best0_top100_rec	apr_fgsm_eps0.5	pgd	170	0.5	full	0	0.025063705613447	0.001675524977422	0.012550330232101	404	0.002764900662252	0.027649006622517	5.945759919857	6040	0.01318840685425
bim240_ep1.0_es4_szfull_apr_emb64_ep2000_eps0.5_fgsm_best0_top100_rec	apr_fgsm_eps0.5	bim	240	1	full	0	0.000344228925608	2.66743601965129E-05	0.037925427424905	915	3.31125827814569E-05	0.000331125827815	7.37162846989727	6040	0.000130639871907
bim10_ep0.5_es4_szfull_apr_emb64_ep2000_eps0.5_fgsm_best0_top100_rec	apr_fgsm_eps0.5	bim	10	0.5	full	0	0.05653445929231	0.003944205574223	0.018815445388816	854.999999999999	0.005993377483444	0.059933774834437	6.24356257673644	6040	0.028857121743576
bim5_ep2.0_es4_szfull_apr_emb64_ep2000_eps0.5_fgsm_best0_top100_rec	apr_fgsm_eps0.5	bim	5	2	full	0	0.043678746664812	0.002979308986638	0.019197272345408	939	0.004635761589404	0.04635761589404	6.09113168121371	6040	0.02279909892574
bim270_ep1.0_es4_szfull_apr_emb64_ep2000_eps0.5_fgsm_best0_top100_rec	apr_fgsm_eps0.5	bim	270	1	full	0	0.00017486451185	1.05158039351256E-05	0.04985084591254	1111	1.65562913907285E-05	0.000165562913907	7.68660999171489	6040	4.78584149532927E-05
pgd240_ep0.5_es4_szfull_apr_emb64_ep2000_eps0.5_fgsm_best0_top100_rec	apr_fgsm_eps0.5	pgd	240	0.5	full	0	0.004134361069238	0.000336748836003	0.017057511327989	486	0.000397350993377	0.003973509933775	6.37400527458114	6040	0.001807676084378
bim270_ep0.5_es4_szfull_apr_emb64_ep2000_eps0.5_fgsm_best0_top100_rec	apr_fgsm_eps0.5	bim	270	0.5	full	0	0.00203806365446	0.000167845597022	0.019064562833472	465	0.000182119205298	0.00182119205298	6.52494104136662	6040	0.000824242852608
pgd480_ep1.0_es4_szfull_apr_emb64_ep2000_eps0.5_fgsm_best0_top100_rec	apr_fgsm_eps0.5	pgd	480	1	full	0	0	0	0.059110205467822	1204	0	0	8.0057013413842	6040	0
pgd140_ep0.5_es4_szfull_apr_emb64_ep2000_eps0.5_fgsm_best0_top100_rec	apr_fgsm_eps0.5	pgd	140	0.5	full	0	0.029996780664915	0.001985253545655	0.01235425548078	390.999999999999	0.003327814569536	0.033278145695364	5.89458364337452	6040	0.015830522463024
pgd110_ep0.5_es4_szfull_apr_emb64_ep2000_eps0.5_fgsm_best0_top100_rec	apr_fgsm_eps0.5	pgd	110	0.5	full	0	0.030166247763425	0.001999368299158	0.011807705713596	390.999999999999	0.003377483443709	0.033774834437086	5.78371378164834	6040	0.015931434115579
pgd200_ep1.0_es4_szfull_apr_emb64_ep2000_eps0.5_fgsm_best0_top100_rec	apr_fgsm_eps0.5	pgd	200	1	full	0	0.000300764324542	2.40506283464632E-05	0.034636128017446	771	3.31125827814569E-05	0.000331125827815	7.25991070008678	6040	0.000113887881275
bim10_ep3.0_es4_szfull_apr_emb64_ep2000_eps0.5_fgsm_best0_top100_rec	apr_fgsm_eps0.5	bim	10	3	full	0	0.033686164779279	0.002231181678305	0.013168521150048	553	0.003675496688742	0.036754966887417	5.81116435377899	6040	0.017779558413746
bim440_ep0.5_es4_szfull_apr_emb64_ep2000_eps0.5_fgsm_best0_top100_rec	apr_fgsm_eps0.5	bim	440	0.5	full	0	0.001063340675389	7.13937285719773E-05	0.036490486276823	856	4.96688741721854E-05	0.000496688741722	7.28328211454478	6040	0.000334069960398
bim380_ep1.0_es4_szfull_apr_emb64_ep2000_eps0.5_fgsm_best0_top100_rec	apr_fgsm_eps0.5	bim	380	1	full	0	0	0	0.061690716858371	1264	0	0	8.00657299447224	6040	0
pgd10_ep3.0_es4_szfull_apr_emb64_ep2000_eps0.5_fgsm_best0_top100_rec	apr_fgsm_eps0.5	pgd	10	3	full	0	0.031769578304773	0.002105000571673	0.013143201866102	537	0.003576158940397	0.035761589403974	5.81394479426784	6040	0.016775665002863
bim20_ep1.0_es4_szfull_apr_emb64_ep2000_eps0.5_fgsm_best0_top100_rec	apr_fgsm_eps0.5	bim	20	1	full	0	0.03582865080928	0.002389188714955	0.013595025515904	597	0.003940397350993	0.039403973509934	5.81194399010929	6040	0.018869924347276
pgd170_ep1.0_es4_szfull_apr_emb64_ep2000_eps0.5_fgsm_best0_top100_rec	apr_fgsm_eps0.5	pgd	170	1	full	0	0.001831404773379	0.000145966506535	0.021296913960909	593	0.000182119205298	0.00182119205298	6.57742811857491	6040	0.000691061860697
pgd20_ep1.0_es4_szfull_apr_emb64_ep2000_eps0.5_fgsm_best0_top100_rec	apr_fgsm_eps0.5	pgd	20	1	full	0	0.03499248566837	0.002316596134391	0.013627682297951	576	0.003841059602649	0.03841059602649	5.81681038771007	6040	0.018482499185489
pgd460_ep0.5_es4_szfull_apr_emb64_ep2000_eps0.5_fgsm_best0_top100_rec	apr_fgsm_eps0.5	pgd	460	0.5	full	0	0.00063489619896	4.61937875195779E-05	0.037179692736682	887	3.31125827814569E-05	0.000331125827815	7.31103825186565	6040	0.000213421328861
bim150_ep1.0_es4_szfull_apr_emb64_ep2000_eps0.5_fgsm_best0_top100_rec	apr_fgsm_eps0.5	bim	150	1	full	0	0.002075881879886	0.000168002315643	0.020145588117007	522	0.000132450331126	0.001324503311258	6.60066302838848	6040	0.000803433050743
bim240_ep0.5_es4_szfull_apr_emb64_ep2000_eps0.5_fgsm_best0_top100_rec	apr_fgsm_eps0.5	bim	240	0.5	full	0	0.006093389000889	0.000471916817059	0.01404266652367	455.999999999999	0.000596026490066	0.005960264900662	6.0957295769459	6040	0.0026142328797
pgd60_ep0.5_es4_szfull_apr_emb64_ep2000_eps0.5_fgsm_best0_top100_rec	apr_fgsm_eps0.5	pgd	60	0.5	full	0	0.033203246789713	0.002181923989922	0.012198746994843	506	0.003692052980132	0.036920529801325	5.73153487010995	6040	0.017572524736941
pgd310_ep0.5_es4_szfull_apr_emb64_ep2000_eps0.5_fgsm_best0_top100_rec	apr_fgsm_eps0.5	pgd	310	0.5	full	0	0.001473014369277	0.000118018132563	0.019220982920879	590	0.000149006622517	0.001490066225166	6.41082815825279	6040	0.000560065556063
bim480_ep0.5_es4_szfull_apr_emb64_ep2000_eps0.5_fgsm_best0_top100_rec	apr_fgsm_eps0.5	bim	480	0.5	full	0	0.000346774652397	2.76430708928797E-05	0.045493095959461	998	3.31125827814569E-05	0.000331125827815	7.62956931312573	6040	0.000130639871907
pgd210_ep0.5_es4_szfull_apr_emb64_ep2000_eps0.5_fgsm_best0_top100_rec	apr_fgsm_eps0.5	pgd	210	0.5	full	0	0.015448722874252	0.001105876832846	0.013314797436791	451	0.001605960264901	0.016059602649007	5.99669645954658	6040	0.007907155800274
bim210_ep1.0_es4_szfull_apr_emb64_ep2000_eps0.5_fgsm_best0_top100_rec	apr_fgsm_eps0.5	bim	210	1	full	0	0.000341695678388	2.74841403519933E-05	0.0297611157287	777	3.31125827814569E-05	0.000331125827815	7.08846747924143	6040	0.000130639871907
bim470_ep1.0_es4_szfull_apr_emb64_ep2000_eps0.5_fgsm_best0_top100_rec	apr_fgsm_eps0.5	bim	470	1	full	0	0.000175681085787	1.20578614125412E-05	0.056893548185288	1167	1.65562913907285E-05	0.000165562913907	7.95240701781885	6040	5.51876379690949E-05
bim220_ep1.0_es4_szfull_apr_emb64_ep2000_eps0.5_fgsm_best0_top100_rec	apr_fgsm_eps0.5	bim	220	1	full	0	0.001335390239408	0.000103352475745	0.03564935517602	872	6.62251655629139E-05	0.000662251655629	7.27420894476425	6040	0.000485423799542
bim60_ep1.0_es4_szfull_apr_emb64_ep2000_eps0.5_fgsm_best0_top100_rec	apr_fgsm_eps0.5	bim	60	1	full	0	0.030279483331629	0.002012675443174	0.011762992555255	400	0.003509933774834	0.035099337748344	5.80442554931997	6040	0.015967198371689
pgd1_ep1.0_es4_szfull_apr_emb64_ep2000_eps0.5_fgsm_best0_top100_rec	apr_fgsm_eps0.5	pgd	1	1	full	0	0.073967095049249	0.00540770047894	0.030325584720845	911	0.00773178807947	0.077317880794702	7.02720686737355	6040	0.03683083510725
bim120_ep0.5_es4_szfull_apr_emb64_ep2000_eps0.5_fgsm_best0_top100_rec	apr_fgsm_eps0.5	bim	120	0.5	full	0	0.0296657593756	0.001979146381056	0.012314931495831	429	0.00341059602649	0.034105960264901	5.84825937980883	6040	0.015628932271059
bim50_ep0.5_es4_szfull_apr_emb64_ep2000_eps0.5_fgsm_best0_top100_rec	apr_fgsm_eps0.5	bim	50	0.5	full	0	0.033667820219403	0.002227900618686	0.012840800421839	534	0.003791390728477	0.037913907284768	5.77318316393755	6040	0.017750467466396
pgd410_ep0.5_es4_szfull_apr_emb64_ep2000_eps0.5_fgsm_best0_top100_rec	apr_fgsm_eps0.5	pgd	410	0.5	full	0	0.000358970742012	2.7761321353423E-05	0.029616430275894	770	3.31125827814569E-05	0.000331125827815	7.02851515552262	6040	0.000130278765759
bim220_ep0.5_es4_szfull_apr_emb64_ep2000_eps0.5_fgsm_best0_top100_rec	apr_fgsm_eps0.5	bim	220	0.5	full	0	0.01217519264114	0.000891195835682	0.014221903459617	436	0.001175496688742	0.011754966887417	6.10215745145174	6040	0.006024376936805
bim5_ep1.0_es4_szfull_apr_emb64_ep2000_eps0.5_fgsm_best0_top100_rec	apr_fgsm_eps0.5	bim	5	1	full	0	0.05851752161058	0.004114328183853	0.018366240358921	782.999999999999	0.006109271523179	0.061092715231788	6.24382342636	6040	0.029731879197339
bim40_ep0.5_es4_szfull_apr_emb64_ep2000_eps0.5_fgsm_best0_top100_rec	apr_fgsm_eps0.5	bim	40	0.5	full	0	0.035621707088788	0.002373982929896	0.013654994592952	565	0.003940397350993	0.039403973509934	5.81256343743026	6040	0.018774858612278
bim160_ep0.5_es4_szfull_apr_emb64_ep2000_eps0.5_fgsm_best0_top100_rec	apr_fgsm_eps0.5	bim	160	0.5	full	0	0.027852804187565	0.001870734458043	0.012578116202376	403	0.002996688741722	0.029966887417219	5.92147660326465	6040	0.014632099588615
bim390_ep0.5_es4_szfull_apr_emb64_ep2000_eps0.5_fgsm_best0_top100_rec	apr_fgsm_eps0.5	bim	390	0.5	full	0	0.000576877208049	4.55323872313787E-05	0.031394088890081	747	4.96688741721854E-05	0.000496688741722	7.17598339382131	6040	0.00021566255256
bim310_ep1.0_es4_szfull_apr_emb64_ep2000_eps0.5_fgsm_best0_top100_rec	apr_fgsm_eps0.5	bim	310	1	full	0	0	0	0.048464988247491	1126	0	0	7.6613890797649	6040	0
bim190_ep0.5_es4_szfull_apr_emb64_ep2000_eps0.5_fgsm_best0_top100_rec	apr_fgsm_eps0.5	bim	190	0.5	full	0	0.022990960531534	0.001575788228922	0.012528210490567	412	0.002533112582781	0.025331125827815	5.9380717497391	6040	0.011918602712388
pgd350_ep1.0_es4_szfull_bprmf_emb64_ep2000_XX_XX_best0_top100_rec	bprmf_XX_XX	pgd	350	1	full	0	0	0	0.033654181301446	975	0	0	7.17000417269807	6040	0
pgd160_ep1.0_es4_szfull_bprmf_emb64_ep2000_XX_XX_best0_top100_rec	bprmf_XX_XX	pgd	160	1	full	0	0	0	0.020835268252138	628	0	0	6.54237131443608	6040	0
pgd60_ep0.5_es4_szfull_bprmf_emb64_ep2000_XX_XX_best0_top100_rec	bprmf_XX_XX	pgd	60	0.5	full	0	0.017883804140468	0.001408239528845	0.082846448776041	1851	0.001705298013245	0.01705298013245	8.26353857830136	6040	0.008154928721014
bim380_ep1.0_es4_szfull_bprmf_emb64_ep2000_XX_XX_best0_top100_rec	bprmf_XX_XX	bim	380	1	full	0	0.000228460908304	1.29691009518855E-05	0.036568169021638	1061	1.65562913907285E-05	0.000165562913907	7.26497111946726	6040	5.89746998523215E-05
bim150_ep1.0_es4_szfull_bprmf_emb64_ep2000_XX_XX_best0_top100_rec	bprmf_XX_XX	bim	150	1	full	0	0.000210438533025	1.63445499647231E-05	0.022935258421142	602	1.65562913907285E-05	0.000165562913907	6.76928312868089	6040	0.000104458568472
pgd430_ep1.0_es4_szfull_bprmf_emb64_ep2000_XX_XX_best0_top100_rec	bprmf_XX_XX	pgd	430	1	full	0	0.00053205375296	3.61977160483225E-05	0.035860650096969	978	1.65562913907285E-05	0.000165562913907	7.27036347185562	6040	0.000165562913907
pgd230_ep1.0_es4_szfull_bprmf_emb64_ep2000_XX_XX_best0_top100_rec	bprmf_XX_XX	pgd	230	1	full	0	0.000616662570116	3.63907705339135E-05	0.031329025569528	902	1.65562913907285E-05	0.000165562913907	7.07855436061787	6040	0.000165562913907
bim420_ep1.0_es4_szfull_bprmf_emb64_ep2000_XX_XX_best0_top100_rec	bprmf_XX_XX	bim	420	1	full	0	0.000276223392464	1.56804465530634E-05	0.034816785979212	1047	1.65562913907285E-05	0.000165562913907	7.15653738042191	6040	7.13040659061909E-05
pgd60_ep1.0_es4_szfull_bprmf_emb64_ep2000_XX_XX_best0_top100_rec	bprmf_XX_XX	pgd	60	1	full	0	0.003896668118213	0.000321334311917	0.03943458365731	866	0.000397350993377	0.003973509933775	7.54523807854362	6040	0.001618165279456
pgd380_ep1.0_es4_szfull_bprmf_emb64_ep2000_XX_XX_best0_top100_rec	bprmf_XX_XX	pgd	380	1	full	0	0.000265377826048	1.80958415478239E-05	0.033517807509094	979	1.65562913907285E-05	0.000165562913907	7.14554729243156	6040	8.27814569536424E-05
pgd70_ep1.0_es4_szfull_bprmf_emb64_ep2000_XX_XX_best0_top100_rec	bprmf_XX_XX	pgd	70	1	full	0	0.002545472932934	0.000190200107846	0.03355189425423	767	0.000215231788079	0.002152317880795	7.26560525648167	6040	0.000886820923437
bim390_ep0.5_es4_szfull_bprmf_emb64_ep2000_XX_XX_best0_top100_rec	bprmf_XX_XX	bim	390	0.5	full	0	0.000493300653096	2.96655558875564E-05	0.021301051916597	723	3.31125827814569E-05	0.000331125827815	6.58068976970906	6040	0.00013501074119
pgd190_ep0.5_es4_szfull_bprmf_emb64_ep2000_XX_XX_best0_top100_rec	bprmf_XX_XX	pgd	190	0.5	full	0	0.000319952369087	2.52919550766144E-05	0.027374882698341	637	3.31125827814569E-05	0.000331125827815	6.98324067562896	6040	0.000119236115988
bim490_ep0.5_es4_szfull_bprmf_emb64_ep2000_XX_XX_best0_top100_rec	bprmf_XX_XX	bim	490	0.5	full	0	0.000168694925726	1.14229144024532E-05	0.033099668427309	923	1.65562913907285E-05	0.000165562913907	7.13654001832866	6040	5.22292842360478E-05
bim400_ep0.5_es4_szfull_bprmf_emb64_ep2000_XX_XX_best0_top100_rec	bprmf_XX_XX	bim	400	0.5	full	0	0	0	0.022037840398245	732	0	0	6.59766048090019	6040	0
pgd5_ep3.0_es4_szfull_bprmf_emb64_ep2000_XX_XX_best0_top100_rec	bprmf_XX_XX	pgd	5	3	full	0	0.022985332639027	0.001778347374366	0.273486124889401	2802	0.001937086092715	0.019370860927152	10.245412780121	6040	0.00980903163966
pgd310_ep1.0_es4_szfull_bprmf_emb64_ep2000_XX_XX_best0_top100_rec	bprmf_XX_XX	pgd	310	1	full	0	0	0	0.038184179245873	1051	0	0	7.30661392732609	6040	0
pgd290_ep0.5_es4_szfull_bprmf_emb64_ep2000_XX_XX_best0_top100_rec	bprmf_XX_XX	pgd	290	0.5	full	0	0	0	0.017496447435451	579	0	0	6.30892818077391	6040	0
pgd360_ep0.5_es4_szfull_bprmf_emb64_ep2000_XX_XX_best0_top100_rec	bprmf_XX_XX	pgd	360	0.5	full	0	0.000213790285142	1.21362897973126E-05	0.022649408799636	692	1.65562913907285E-05	0.000165562913907	6.59743955329605	6040	5.51876379690949E-05
bim160_ep0.5_es4_szfull_bprmf_emb64_ep2000_XX_XX_best0_top100_rec	bprmf_XX_XX	bim	160	0.5	full	0	0.002068852316537	0.000164956925369	0.030084743187567	731	0.000182119205298	0.00182119205298	7.10793338382775	6040	0.000788867952094
pgd420_ep0.5_es4_szfull_bprmf_emb64_ep2000_XX_XX_best0_top100_rec	bprmf_XX_XX	pgd	420	0.5	full	0	0	0	0.025877112547032	814	0	0	6.86836999071168	6040	0
bim470_ep0.5_es4_szfull_bprmf_emb64_ep2000_XX_XX_best0_top100_rec	bprmf_XX_XX	bim	470	0.5	full	0	0	0	0.030050772626932	832	0	0	7.06784500446591	6040	0
pgd40_ep1.0_es4_szfull_bprmf_emb64_ep2000_XX_XX_best0_top100_rec	bprmf_XX_XX	pgd	40	1	full	0	0.020948331850894	0.001672382912243	0.066764672761885	1506	0.001870860927152	0.018708609271523	8.09326634014967	6040	0.009529299898795
bim40_ep1.0_es4_szfull_bprmf_emb64_ep2000_XX_XX_best0_top100_rec	bprmf_XX_XX	bim	40	1	full	0	0.01358391940901	0.001095641229524	0.078095780715161	1512	0.001109271523179	0.011092715231788	8.44380210415014	6040	0.006030805284787
pgd5_ep1.0_es4_szfull_bprmf_emb64_ep2000_XX_XX_best0_top100_rec	bprmf_XX_XX	pgd	5	1	full	0	0.060451500848535	0.004812966691178	0.221840121189371	2688	0.00546357615894	0.054635761589404	10.0049281171232	6040	0.026205991226581
pgd30_ep0.5_es4_szfull_bprmf_emb64_ep2000_XX_XX_best0_top100_rec	bprmf_XX_XX	pgd	30	0.5	full	0	0.021889918246048	0.001723509784716	0.210374972071034	2572	0.002019867549669	0.020198675496689	9.71013106567144	6040	0.009731040224802
bim360_ep1.0_es4_szfull_bprmf_emb64_ep2000_XX_XX_best0_top100_rec	bprmf_XX_XX	bim	360	1	full	0	0	0	0.036666175116855	1064	0	0	7.18865524990424	6040	0
bim330_ep0.5_es4_szfull_bprmf_emb64_ep2000_XX_XX_best0_top100_rec	bprmf_XX_XX	bim	330	0.5	full	0	0.000551215064753	3.43943533957238E-05	0.025430749568777	726	3.31125827814569E-05	0.000331125827815	6.86822432981814	6040	0.000156687852708
bim90_ep0.5_es4_szfull_bprmf_emb64_ep2000_XX_XX_best0_top100_rec	bprmf_XX_XX	bim	90	0.5	full	0	0.012014033435477	0.000955754209919	0.039918536790269	1052	0.001241721854305	0.012417218543046	7.38498142661497	6040	0.005607062365053
bim90_ep1.0_es4_szfull_bprmf_emb64_ep2000_XX_XX_best0_top100_rec	bprmf_XX_XX	bim	90	1	full	0	0.001444622174733	0.000100308929828	0.026041486804122	665	9.93377483443709E-05	0.000993377483444	6.91413074052932	6040	0.000461130137026
bim410_ep1.0_es4_szfull_bprmf_emb64_ep2000_XX_XX_best0_top100_rec	bprmf_XX_XX	bim	410	1	full	0	0	0	0.035813434503222	1079	0	0	7.19583520018386	6040	0
bim360_ep0.5_es4_szfull_bprmf_emb64_ep2000_XX_XX_best0_top100_rec	bprmf_XX_XX	bim	360	0.5	full	0	0	0	0.028871437381022	731	0	0	7.05880390495105	6040	0
pgd240_ep0.5_es4_szfull_bprmf_emb64_ep2000_XX_XX_best0_top100_rec	bprmf_XX_XX	pgd	240	0.5	full	0	0.00080546026117	5.11601638491673E-05	0.018098613829531	494	6.62251655629139E-05	0.000662251655629	6.42670521378249	6040	0.000233324818681
pgd340_ep1.0_es4_szfull_bprmf_emb64_ep2000_XX_XX_best0_top100_rec	bprmf_XX_XX	pgd	340	1	full	0	0.000961503116827	6.03961131227489E-05	0.031980901055492	1038	6.62251655629139E-05	0.000662251655629	6.96599706903958	6040	0.000277108700731
bim290_ep1.0_es4_szfull_bprmf_emb64_ep2000_XX_XX_best0_top100_rec	bprmf_XX_XX	bim	290	1	full	0	0.000354043356676	2.2902924345072E-05	0.033663663744179	876	1.65562913907285E-05	0.000165562913907	7.24104912640275	6040	0.000104458568472
bprmf_emb64_ep2000_XX_XX-top100-rec	bprmf_XX_XX	bpr	1	2000	XX	1	0.097718264475338	0.00769018588213	0.169846520274195	2247	0.008841059602649	0.08841059602649	9.63060234211633	6040	0.04473734589152
pgd370_ep1.0_es4_szfull_bprmf_emb64_ep2000_XX_XX_best0_top100_rec	bprmf_XX_XX	pgd	370	1	full	0	0	0	0.03550728834312	1114	0	0	7.14364473615284	6040	0
bim230_ep0.5_es4_szfull_bprmf_emb64_ep2000_XX_XX_best0_top100_rec	bprmf_XX_XX	bim	230	0.5	full	0	0.00033782020138	2.37350020210249E-05	0.020559759051219	597	3.31125827814569E-05	0.000331125827815	6.53884446875995	6040	0.000111906892972
pgd340_ep0.5_es4_szfull_bprmf_emb64_ep2000_XX_XX_best0_top100_rec	bprmf_XX_XX	pgd	340	0.5	full	0	0	0	0.022861427639399	686	0	0	6.72862603994125	6040	0
bim380_ep0.5_es4_szfull_bprmf_emb64_ep2000_XX_XX_best0_top100_rec	bprmf_XX_XX	bim	380	0.5	full	0	0	0	0.025143979408531	737	0	0	6.84344852088583	6040	0
pgd80_ep1.0_es4_szfull_bprmf_emb64_ep2000_XX_XX_best0_top100_rec	bprmf_XX_XX	pgd	80	1	full	0	0.002571105568422	0.000179940125336	0.032016078147483	781	0.000132450331126	0.001324503311258	7.16153588798928	6040	0.000829351677676
pgd130_ep1.0_es4_szfull_bprmf_emb64_ep2000_XX_XX_best0_top100_rec	bprmf_XX_XX	pgd	130	1	full	0	0	0	0.020944865985647	574	0	0	6.62313174709975	6040	0
bim180_ep0.5_es4_szfull_bprmf_emb64_ep2000_XX_XX_best0_top100_rec	bprmf_XX_XX	bim	180	0.5	full	0	0.000831397798356	6.03434545396967E-05	0.024358831362666	667	4.96688741721854E-05	0.000496688741722	6.75663924385939	6040	0.000279725251729
bim30_ep0.5_es4_szfull_bprmf_emb64_ep2000_XX_XX_best0_top100_rec	bprmf_XX_XX	bim	30	0.5	full	0	0.028349631573458	0.002272675235562	0.206178825821559	2587	0.002748344370861	0.027483443708609	9.7195859158441	6040	0.01262542443409
bim350_ep0.5_es4_szfull_bprmf_emb64_ep2000_XX_XX_best0_top100_rec	bprmf_XX_XX	bim	350	0.5	full	0	0	0	0.024133004441823	703	0	0	6.71622593774072	6040	0
pgd440_ep0.5_es4_szfull_bprmf_emb64_ep2000_XX_XX_best0_top100_rec	bprmf_XX_XX	pgd	440	0.5	full	0	0	0	0.023678696231154	762	0	0	6.70747219603732	6040	0
bim80_ep0.5_es4_szfull_bprmf_emb64_ep2000_XX_XX_best0_top100_rec	bprmf_XX_XX	bim	80	0.5	full	0	0.015927387536341	0.001227025381122	0.045975780000179	1249	0.001539735099338	0.015397350993378	7.52809550839569	6040	0.007419391845364
bim340_ep1.0_es4_szfull_bprmf_emb64_ep2000_XX_XX_best0_top100_rec	bprmf_XX_XX	bim	340	1	full	0	0	0	0.038984958575757	1073	0	0	7.40116065214746	6040	0
bim300_ep0.5_es4_szfull_bprmf_emb64_ep2000_XX_XX_best0_top100_rec	bprmf_XX_XX	bim	300	0.5	full	0	0	0	0.021148081615143	624	0	0	6.60489785243143	6040	0
pgd50_ep0.5_es4_szfull_bprmf_emb64_ep2000_XX_XX_best0_top100_rec	bprmf_XX_XX	pgd	50	0.5	full	0	0.016986589383848	0.001343688179974	0.124816973661867	2252	0.001655629139073	0.016556291390729	8.751199519202	6040	0.007916378008042
pgd410_ep0.5_es4_szfull_bprmf_emb64_ep2000_XX_XX_best0_top100_rec	bprmf_XX_XX	pgd	410	0.5	full	0	0	0	0.026037232663932	794	0	0	6.82018308485276	6040	0
pgd260_ep1.0_es4_szfull_bprmf_emb64_ep2000_XX_XX_best0_top100_rec	bprmf_XX_XX	pgd	260	1	full	0	0.001492206136169	9.55333554046497E-05	0.031088934766872	923	4.96688741721854E-05	0.000496688741722	7.06419997762924	6040	0.000435584396287
pgd470_ep0.5_es4_szfull_bprmf_emb64_ep2000_XX_XX_best0_top100_rec	bprmf_XX_XX	pgd	470	0.5	full	0	0.000503725573993	2.96692191612101E-05	0.028024318309784	836	3.31125827814569E-05	0.000331125827815	6.89049592987138	6040	0.00013501074119
pgd20_ep1.0_es4_szfull_bprmf_emb64_ep2000_XX_XX_best0_top100_rec	bprmf_XX_XX	pgd	20	1	full	0	0.02765311341127	0.002176023318622	0.167644144748013	2487	0.002698675496689	0.026986754966888	9.24395738893394	6040	0.012730427824535
bim160_ep1.0_es4_szfull_bprmf_emb64_ep2000_XX_XX_best0_top100_rec	bprmf_XX_XX	bim	160	1	full	0	0	0	0.022342645967951	624	0	0	6.7051361470585	6040	0
pgd150_ep0.5_es4_szfull_bprmf_emb64_ep2000_XX_XX_best0_top100_rec	bprmf_XX_XX	pgd	150	0.5	full	0	0.002700929418564	0.000210043089397	0.027827197897955	772	0.000198675496689	0.001986754966887	6.97497011087745	6040	0.00098870301066
pgd460_ep1.0_es4_szfull_bprmf_emb64_ep2000_XX_XX_best0_top100_rec	bprmf_XX_XX	pgd	460	1	full	0	0	0	0.039102859032451	1114	0	0	7.34135686678799	6040	0
pgd100_ep0.5_es4_szfull_bprmf_emb64_ep2000_XX_XX_best0_top100_rec	bprmf_XX_XX	pgd	100	0.5	full	0	0.004631184041034	0.00037463038665	0.056118624375508	1116	0.000364238410596	0.00364238410596	8.02134168647971	6040	0.001801063991395
fgsm_ep3.0_szfull_bprmf_emb64_ep2000_XX_XX_best0_top100_rec	bprmf_XX_XX	fgs	1	3	full	0	0.032535515947097	0.002564609357072	0.272173240028242	3021	0.002798013245033	0.027980132450331	10.2764454573271	6040	0.013943727624803
bim210_ep0.5_es4_szfull_bprmf_emb64_ep2000_XX_XX_best0_top100_rec	bprmf_XX_XX	bim	210	0.5	full	0	0.000821639535312	6.03874789649948E-05	0.025831827403455	639	8.27814569536424E-05	0.000827814569536	6.89264550785259	6040	0.000278808687301
pgd1_ep1.0_es4_szfull_bprmf_emb64_ep2000_XX_XX_best0_top100_rec	bprmf_XX_XX	pgd	1	1	full	0	0.094259059851793	0.007458243024044	0.220120161585828	2653	0.008509933774835	0.085099337748344	10.0002102340248	6040	0.042352467438619
pgd200_ep0.5_es4_szfull_bprmf_emb64_ep2000_XX_XX_best0_top100_rec	bprmf_XX_XX	pgd	200	0.5	full	0	0.001547992802105	0.000104525428923	0.024382667059907	605	0.000115894039735	0.001158940397351	6.82397504998828	6040	0.000480975326365
bim60_ep0.5_es4_szfull_bprmf_emb64_ep2000_XX_XX_best0_top100_rec	bprmf_XX_XX	bim	60	0.5	full	0	0.025370658206024	0.002017094642203	0.091244452190078	1939	0.002417218543046	0.024172185430464	8.37661084021081	6040	0.011578134067579
pgd300_ep1.0_es4_szfull_bprmf_emb64_ep2000_XX_XX_best0_top100_rec	bprmf_XX_XX	pgd	300	1	full	0	0	0	0.033633920511926	994	0	0	7.15428163948311	6040	0
pgd30_ep3.0_es4_szfull_bprmf_emb64_ep2000_XX_XX_best0_top100_rec	bprmf_XX_XX	pgd	30	3	full	0	0.00090487850552	6.02972736536025E-05	0.034308684344586	880	8.27814569536424E-05	0.000827814569536	7.20840461344728	6040	0.000283748029336
bim1_ep0.5_es4_szfull_bprmf_emb64_ep2000_XX_XX_best0_top100_rec	bprmf_XX_XX	bim	1	0.5	full	0	0.097312355377525	0.007686000812645	0.21600502274535	2589	0.008791390728477	0.087913907284768	9.97696063184745	6040	0.044035992789155
bim440_ep0.5_es4_szfull_bprmf_emb64_ep2000_XX_XX_best0_top100_rec	bprmf_XX_XX	bim	440	0.5	full	0	0.000302465910635	1.8189352314282E-05	0.032906989838325	844	1.65562913907285E-05	0.000165562913907	7.22770376742568	6040	8.27814569536424E-05
fgsm_ep0.5_szfull_bprmf_emb64_ep2000_XX_XX_best0_top100_rec	bprmf_XX_XX	fgs	1	0.5	full	0	0.087007095326484	0.006869232942868	0.218176269762536	2711	0.008079470198676	0.080794701986755	9.97299641585422	6040	0.039149431403818
bim350_ep1.0_es4_szfull_bprmf_emb64_ep2000_XX_XX_best0_top100_rec	bprmf_XX_XX	bim	350	1	full	0	0.000222190857594	1.75800240941353E-05	0.033324199444102	1049	1.65562913907285E-05	0.000165562913907	7.03813489545202	6040	8.27814569536424E-05
bim100_ep0.5_es4_szfull_bprmf_emb64_ep2000_XX_XX_best0_top100_rec	bprmf_XX_XX	bim	100	0.5	full	0	0.006913973620246	0.000571327387952	0.041214369341591	935	0.000645695364238	0.006456953642384	7.56789532249018	6040	0.00293246182961
pgd90_ep0.5_es4_szfull_bprmf_emb64_ep2000_XX_XX_best0_top100_rec	bprmf_XX_XX	pgd	90	0.5	full	0	0.013900168347834	0.001089148137048	0.042950603712542	1024	0.001274834437086	0.012748344370861	7.53371069400586	6040	0.006443083888032
pgd70_ep0.5_es4_szfull_bprmf_emb64_ep2000_XX_XX_best0_top100_rec	bprmf_XX_XX	pgd	70	0.5	full	0	0.010901517370967	0.000885671505532	0.069081400648846	1682	0.000993377483444	0.009933774834437	8.0338124620489	6040	0.004847297649478
pgd410_ep1.0_es4_szfull_bprmf_emb64_ep2000_XX_XX_best0_top100_rec	bprmf_XX_XX	pgd	410	1	full	0	0	0	0.036382684934445	1021	0	0	7.23523021157438	6040	0
bim250_ep0.5_es4_szfull_bprmf_emb64_ep2000_XX_XX_best0_top100_rec	bprmf_XX_XX	bim	250	0.5	full	0	0.000416962132513	2.94039180726297E-05	0.021183205083519	595	3.31125827814569E-05	0.000331125827815	6.57370326412457	6040	0.00013501074119
pgd90_ep1.0_es4_szfull_bprmf_emb64_ep2000_XX_XX_best0_top100_rec	bprmf_XX_XX	pgd	90	1	full	0	0.000631298829444	4.45237586029177E-05	0.021941031897114	683	6.62251655629139E-05	0.000662251655629	6.52040359686278	6040	0.000204530933015
pgd330_ep1.0_es4_szfull_bprmf_emb64_ep2000_XX_XX_best0_top100_rec	bprmf_XX_XX	pgd	330	1	full	0	0.000506290715945	3.13141245828534E-05	0.033834901824097	1026	3.31125827814569E-05	0.000331125827815	7.13369800100456	6040	0.000142608131812
pgd210_ep0.5_es4_szfull_bprmf_emb64_ep2000_XX_XX_best0_top100_rec	bprmf_XX_XX	pgd	210	0.5	full	0	0.000521984153755	3.13297140906112E-05	0.021069129778088	595	3.31125827814569E-05	0.000331125827815	6.60026937181631	6040	0.000142608131812
pgd220_ep1.0_es4_szfull_bprmf_emb64_ep2000_XX_XX_best0_top100_rec	bprmf_XX_XX	pgd	220	1	full	0	0.000544779321358	3.6756831436881E-05	0.028253675452002	797	3.31125827814569E-05	0.000331125827815	6.89792280045438	6040	0.000168507046491
pgd80_ep0.5_es4_szfull_bprmf_emb64_ep2000_XX_XX_best0_top100_rec	bprmf_XX_XX	pgd	80	0.5	full	0	0.012888552685192	0.001035260851774	0.049102689224335	1218	0.001307947019868	0.013079470198676	7.65626559661376	6040	0.005853164637683
fgsm_ep2.0_szfull_bprmf_emb64_ep2000_XX_XX_best0_top100_rec	bprmf_XX_XX	fgs	1	2	full	0	0.045495841687208	0.00362365964241	0.254624402320115	2992	0.004238410596027	0.042384105960265	10.179781663591	6040	0.019912504331135
pgd130_ep0.5_es4_szfull_bprmf_emb64_ep2000_XX_XX_best0_top100_rec	bprmf_XX_XX	pgd	130	0.5	full	0	0.00432326759107	0.000348907216892	0.036728289138537	837	0.000347682119205	0.003476821192053	7.4113070484119	6040	0.001682962379809
pgd10_ep2.0_es4_szfull_bprmf_emb64_ep2000_XX_XX_best0_top100_rec	bprmf_XX_XX	pgd	10	2	full	0	0.019365396337737	0.00154976028645	0.233506135435379	2667	0.001655629139073	0.016556291390729	9.9829679530716	6040	0.008197490492057
pgd200_ep1.0_es4_szfull_bprmf_emb64_ep2000_XX_XX_best0_top100_rec	bprmf_XX_XX	pgd	200	1	full	0	0.00044461495182	2.62074828222039E-05	0.026874833543359	765	3.31125827814569E-05	0.000331125827815	6.94616076101889	6040	0.000119236115988
bim420_ep0.5_es4_szfull_bprmf_emb64_ep2000_XX_XX_best0_top100_rec	bprmf_XX_XX	bim	420	0.5	full	0	0.000627969772327	4.02774732985768E-05	0.026438355184957	792	4.96688741721854E-05	0.000496688741722	6.84760852876442	6040	0.000184850144445
bim130_ep0.5_es4_szfull_bprmf_emb64_ep2000_XX_XX_best0_top100_rec	bprmf_XX_XX	bim	130	0.5	full	0	0.003387755372229	0.000272341045438	0.031853893521374	773	0.000331125827815	0.003311258278146	7.17273948081109	6040	0.001332042703786
bim310_ep1.0_es4_szfull_bprmf_emb64_ep2000_XX_XX_best0_top100_rec	bprmf_XX_XX	bim	310	1	full	0	0	0	0.027636869810798	850	0	0	6.88704200337449	6040	0
bim170_ep1.0_es4_szfull_bprmf_emb64_ep2000_XX_XX_best0_top100_rec	bprmf_XX_XX	bim	170	1	full	0	0.000225046762262	1.29669519707833E-05	0.025976191114567	731	1.65562913907285E-05	0.000165562913907	6.88770053396915	6040	5.89746998523215E-05
pgd140_ep0.5_es4_szfull_bprmf_emb64_ep2000_XX_XX_best0_top100_rec	bprmf_XX_XX	pgd	140	0.5	full	0	0.002740569762547	0.000207528676938	0.027688437854698	775	0.000165562913907	0.001655629139073	6.9503385157452	6040	0.000967588940206
pgd360_ep1.0_es4_szfull_bprmf_emb64_ep2000_XX_XX_best0_top100_rec	bprmf_XX_XX	pgd	360	1	full	0	0	0	0.035542527995996	996	0	0	7.22073230044558	6040	0
bim60_ep1.0_es4_szfull_bprmf_emb64_ep2000_XX_XX_best0_top100_rec	bprmf_XX_XX	bim	60	1	full	0	0.002568263784852	0.000202070798126	0.04229443833731	903	0.000248344370861	0.002483443708609	7.64740728347068	6040	0.000998001640669
pgd260_ep0.5_es4_szfull_bprmf_emb64_ep2000_XX_XX_best0_top100_rec	bprmf_XX_XX	pgd	260	0.5	full	0	0.001169939472016	7.3319678969341E-05	0.020042791645441	580	4.96688741721854E-05	0.000496688741722	6.49637744558728	6040	0.000334069960398
bim320_ep0.5_es4_szfull_bprmf_emb64_ep2000_XX_XX_best0_top100_rec	bprmf_XX_XX	bim	320	0.5	full	0	0.000273588659286	1.81290227875348E-05	0.023833748916356	640	1.65562913907285E-05	0.000165562913907	6.79904990396708	6040	8.27814569536424E-05
fgsm_ep1.0_szfull_bprmf_emb64_ep2000_XX_XX_best0_top100_rec	bprmf_XX_XX	fgs	1	1	full	0	0.076231069432483	0.006027828220783	0.227572083545593	2842	0.007102649006623	0.071026490066225	9.98613275377206	6040	0.034331612658744
bim50_ep1.0_es4_szfull_bprmf_emb64_ep2000_XX_XX_best0_top100_rec	bprmf_XX_XX	bim	50	1	full	0	0.006184604277019	0.000505806564565	0.050214574898786	1039	0.000579470198675	0.005794701986755	7.88144708431373	6040	0.002513413829328
pgd10_ep0.5_es4_szfull_bprmf_emb64_ep2000_XX_XX_best0_top100_rec	bprmf_XX_XX	pgd	10	0.5	full	0	0.057304803028408	0.004541651733251	0.214415681332725	2662	0.005264900662252	0.052649006622517	9.94846201365334	6040	0.024873245163513
bim100_ep1.0_es4_szfull_bprmf_emb64_ep2000_XX_XX_best0_top100_rec	bprmf_XX_XX	bim	100	1	full	0	0.000516592727368	3.91499371486965E-05	0.024762858496215	647	4.96688741721854E-05	0.000496688741722	6.85480720570587	6040	0.000184850144445
pgd120_ep0.5_es4_szfull_bprmf_emb64_ep2000_XX_XX_best0_top100_rec	bprmf_XX_XX	pgd	120	0.5	full	0	0.00382369718017	0.000293669338939	0.038119464478823	868	0.000298013245033	0.002980132450331	7.43505776381101	6040	0.001372528225233
bim460_ep1.0_es4_szfull_bprmf_emb64_ep2000_XX_XX_best0_top100_rec	bprmf_XX_XX	bim	460	1	full	0	0	0	0.040878587196468	1091	0	0	7.5168379962246	6040	0
bim430_ep1.0_es4_szfull_bprmf_emb64_ep2000_XX_XX_best0_top100_rec	bprmf_XX_XX	bim	430	1	full	0	0	0	0.034523294992448	1006	0	0	7.18669464497524	6040	0
pgd480_ep0.5_es4_szfull_bprmf_emb64_ep2000_XX_XX_best0_top100_rec	bprmf_XX_XX	pgd	480	0.5	full	0	0	0	0.027431830978363	864	0	0	6.88456471435076	6040	0
bim390_ep1.0_es4_szfull_bprmf_emb64_ep2000_XX_XX_best0_top100_rec	bprmf_XX_XX	bim	390	1	full	0	0.000168694925726	1.14229144024532E-05	0.039439320410042	1085	1.65562913907285E-05	0.000165562913907	7.3619701390607	6040	5.22292842360478E-05
pgd50_ep1.0_es4_szfull_bprmf_emb64_ep2000_XX_XX_best0_top100_rec	bprmf_XX_XX	pgd	50	1	full	0	0.008985686079401	0.00073672283316	0.046014969926089	1028	0.000860927152318	0.008609271523179	7.74152295193833	6040	0.003833648773367
pgd490_ep1.0_es4_szfull_bprmf_emb64_ep2000_XX_XX_best0_top100_rec	bprmf_XX_XX	pgd	490	1	full	0	0.00058133455288	3.38571369348984E-05	0.038584211420043	1046	3.31125827814569E-05	0.000331125827815	7.35790399066369	6040	0.00015408552286
pgd420_ep1.0_es4_szfull_bprmf_emb64_ep2000_XX_XX_best0_top100_rec	bprmf_XX_XX	pgd	420	1	full	0	0	0	0.035259967289595	1035	0	0	7.23558921090617	6040	0
pgd400_ep1.0_es4_szfull_bprmf_emb64_ep2000_XX_XX_best0_top100_rec	bprmf_XX_XX	pgd	400	1	full	0	0	0	0.037059289844581	1047	0	0	7.24655689811148	6040	0
bim340_ep0.5_es4_szfull_bprmf_emb64_ep2000_XX_XX_best0_top100_rec	bprmf_XX_XX	bim	340	0.5	full	0	0	0	0.022292078898214	676	0	0	6.63842013770847	6040	0
bim250_ep1.0_es4_szfull_bprmf_emb64_ep2000_XX_XX_best0_top100_rec	bprmf_XX_XX	bim	250	1	full	0	0.000404659955762	2.29714389932706E-05	0.031266017820915	916	1.65562913907285E-05	0.000165562913907	7.11077309674439	6040	0.000104458568472
bim10_ep0.5_es4_szfull_bprmf_emb64_ep2000_XX_XX_best0_top100_rec	bprmf_XX_XX	bim	10	0.5	full	0	0.060429887406912	0.004749395194316	0.206565228660035	2648	0.005364238410596	0.05364238410596	9.87240984599753	6040	0.026634556301991
bim180_ep1.0_es4_szfull_bprmf_emb64_ep2000_XX_XX_best0_top100_rec	bprmf_XX_XX	bim	180	1	full	0	0.000171945111548	1.09347363991403E-05	0.020763752223146	689	1.65562913907285E-05	0.000165562913907	6.48609227691365	6040	4.9839403255626E-05
pgd5_ep0.5_es4_szfull_bprmf_emb64_ep2000_XX_XX_best0_top100_rec	bprmf_XX_XX	pgd	5	0.5	full	0	0.081033314221076	0.006414649658403	0.210328203340752	2735	0.007533112582782	0.075331125827815	9.91486048663921	6040	0.036723624005835
bim120_ep0.5_es4_szfull_bprmf_emb64_ep2000_XX_XX_best0_top100_rec	bprmf_XX_XX	bim	120	0.5	full	0	0.004762405024463	0.000372990645264	0.040199685408121	870	0.000397350993377	0.003973509933775	7.56202200645635	6040	0.001788358091367
pgd20_ep0.5_es4_szfull_bprmf_emb64_ep2000_XX_XX_best0_top100_rec	bprmf_XX_XX	pgd	20	0.5	full	0	0.035815404009041	0.002833461699731	0.219530266062507	2582	0.003261589403974	0.032615894039735	9.89327577433068	6040	0.015524811937506
bim370_ep0.5_es4_szfull_bprmf_emb64_ep2000_XX_XX_best0_top100_rec	bprmf_XX_XX	bim	370	0.5	full	0	0.000755633265186	4.39741724945401E-05	0.021988685417058	663	4.96688741721854E-05	0.000496688741722	6.62007434057375	6040	0.000200175398379
bim150_ep0.5_es4_szfull_bprmf_emb64_ep2000_XX_XX_best0_top100_rec	bprmf_XX_XX	bim	150	0.5	full	0	0.001644379692599	0.000116301506881	0.032201875039101	760	9.93377483443709E-05	0.000993377483444	7.2223511059247	6040	0.000536013898211
pgd320_ep1.0_es4_szfull_bprmf_emb64_ep2000_XX_XX_best0_top100_rec	bprmf_XX_XX	pgd	320	1	full	0	0.000194908493498	1.291537642433E-05	0.035213627548239	1015	1.65562913907285E-05	0.000165562913907	7.20593207306159	6040	5.89746998523215E-05
bim470_ep1.0_es4_szfull_bprmf_emb64_ep2000_XX_XX_best0_top100_rec	bprmf_XX_XX	bim	470	1	full	0	0	0	0.035256276197371	1079	0	0	7.20346645901295	6040	0
pgd370_ep0.5_es4_szfull_bprmf_emb64_ep2000_XX_XX_best0_top100_rec	bprmf_XX_XX	pgd	370	0.5	full	0	0	0	0.023924801816053	704	0	0	6.71273541250822	6040	0
bim10_ep1.0_es4_szfull_bprmf_emb64_ep2000_XX_XX_best0_top100_rec	bprmf_XX_XX	bim	10	1	full	0	0.03681169989791	0.002919276809974	0.232394294447274	2659	0.003394039735099	0.033940397350993	10.0271211183435	6040	0.015873395194158
bim20_ep0.5_es4_szfull_bprmf_emb64_ep2000_XX_XX_best0_top100_rec	bprmf_XX_XX	bim	20	0.5	full	0	0.038447071903065	0.003026502315791	0.222185922013388	2606	0.003543046357616	0.035430463576159	9.92642748279667	6040	0.016903557368914
pgd310_ep0.5_es4_szfull_bprmf_emb64_ep2000_XX_XX_best0_top100_rec	bprmf_XX_XX	pgd	310	0.5	full	0	0.000631786135728	3.6402836439263E-05	0.021894745779375	600	1.65562913907285E-05	0.000165562913907	6.68419359865113	6040	0.000165562913907
pgd280_ep0.5_es4_szfull_bprmf_emb64_ep2000_XX_XX_best0_top100_rec	bprmf_XX_XX	pgd	280	0.5	full	0	0.000201643940424	1.2126234876188E-05	0.018517682387324	563	1.65562913907285E-05	0.000165562913907	6.38534314143387	6040	5.51876379690949E-05
bim480_ep1.0_es4_szfull_bprmf_emb64_ep2000_XX_XX_best0_top100_rec	bprmf_XX_XX	bim	480	1	full	0	0.000225046762262	1.29669519707833E-05	0.036272497341162	1032	1.65562913907285E-05	0.000165562913907	7.24891744955447	6040	5.89746998523215E-05
bim400_ep1.0_es4_szfull_bprmf_emb64_ep2000_XX_XX_best0_top100_rec	bprmf_XX_XX	bim	400	1	full	0	0	0	0.033988301114478	1054	0	0	7.16237595506809	6040	0
pgd110_ep0.5_es4_szfull_bprmf_emb64_ep2000_XX_XX_best0_top100_rec	bprmf_XX_XX	pgd	110	0.5	full	0	0.003436753013518	0.00027690399869	0.041608440357133	921	0.000298013245033	0.002980132450331	7.55822497198508	6040	0.001333182289132
pgd290_ep1.0_es4_szfull_bprmf_emb64_ep2000_XX_XX_best0_top100_rec	bprmf_XX_XX	pgd	290	1	full	0	0	0	0.034467606867398	986	0	0	7.20231011343547	6040	0
pgd1_ep0.5_es4_szfull_bprmf_emb64_ep2000_XX_XX_best0_top100_rec	bprmf_XX_XX	pgd	1	0.5	full	0	0.094566692071875	0.007444915928514	0.216711415574086	2631	0.008509933774835	0.085099337748344	9.97645352795083	6040	0.042826785850461
bim260_ep0.5_es4_szfull_bprmf_emb64_ep2000_XX_XX_best0_top100_rec	bprmf_XX_XX	bim	260	0.5	full	0	0.000374021731202	2.63755757766804E-05	0.022894495535834	626	3.31125827814569E-05	0.000331125827815	6.72657773685665	6040	0.000121143469162
bim230_ep1.0_es4_szfull_bprmf_emb64_ep2000_XX_XX_best0_top100_rec	bprmf_XX_XX	bim	230	1	full	0	0	0	0.027885495705642	836	0	0	6.92181816104131	6040	0
bim450_ep1.0_es4_szfull_bprmf_emb64_ep2000_XX_XX_best0_top100_rec	bprmf_XX_XX	bim	450	1	full	0	0	0	0.038560768962651	1081	0	0	7.20080766739324	6040	0
pgd160_ep0.5_es4_szfull_bprmf_emb64_ep2000_XX_XX_best0_top100_rec	bprmf_XX_XX	pgd	160	0.5	full	0	0.001055402808453	7.50832163250876E-05	0.028864314377385	737	6.62251655629139E-05	0.000662251655629	6.9929341330103	6040	0.00034604218907
bim240_ep0.5_es4_szfull_bprmf_emb64_ep2000_XX_XX_best0_top100_rec	bprmf_XX_XX	bim	240	0.5	full	0	0.002201833811277	0.000129670873629	0.022924390701665	596	8.27814569536424E-05	0.000827814569536	6.74328388544176	6040	0.000596776440911
pgd300_ep0.5_es4_szfull_bprmf_emb64_ep2000_XX_XX_best0_top100_rec	bprmf_XX_XX	pgd	300	0.5	full	0	0	0	0.019911360163016	593	0	0	6.51431933912965	6040	0
bim110_ep0.5_es4_szfull_bprmf_emb64_ep2000_XX_XX_best0_top100_rec	bprmf_XX_XX	bim	110	0.5	full	0	0.00530835732058	0.000435709079886	0.032095673467929	829	0.000496688741722	0.004966887417219	7.16947736790169	6040	0.002268595147602
bim200_ep0.5_es4_szfull_bprmf_emb64_ep2000_XX_XX_best0_top100_rec	bprmf_XX_XX	bim	200	0.5	full	0	0.000778516860828	5.0800812325036E-05	0.022329061318605	640	6.62251655629139E-05	0.000662251655629	6.67251646125126	6040	0.00023234745325
bim110_ep1.0_es4_szfull_bprmf_emb64_ep2000_XX_XX_best0_top100_rec	bprmf_XX_XX	bim	110	1	full	0	0.000772503080159	5.61985593401078E-05	0.026038734125176	609	6.62251655629139E-05	0.000662251655629	6.89886001486635	6040	0.000259150098231
bim290_ep0.5_es4_szfull_bprmf_emb64_ep2000_XX_XX_best0_top100_rec	bprmf_XX_XX	bim	290	0.5	full	0	0.000160576199635	1.13772379703208E-05	0.02090177047305	545	1.65562913907285E-05	0.000165562913907	6.65755796472335	6040	5.22292842360478E-05
bim120_ep1.0_es4_szfull_bprmf_emb64_ep2000_XX_XX_best0_top100_rec	bprmf_XX_XX	bim	120	1	full	0	0.001875479018448	0.00011961107217	0.025161040655639	619	9.93377483443709E-05	0.000993377483444	6.92749152399746	6040	0.000545462923269
bim140_ep1.0_es4_szfull_bprmf_emb64_ep2000_XX_XX_best0_top100_rec	bprmf_XX_XX	bim	140	1	full	0	0.002279490450056	0.000152435083813	0.02187560214852	605	0.000115894039735	0.001158940397351	6.6647376864681	6040	0.000703557800421
bim170_ep0.5_es4_szfull_bprmf_emb64_ep2000_XX_XX_best0_top100_rec	bprmf_XX_XX	bim	170	0.5	full	0	0.000799667904816	5.31882650786479E-05	0.026095119357232	723	6.62251655629139E-05	0.000662251655629	6.80605161142397	6040	0.000244527753182
bim300_ep1.0_es4_szfull_bprmf_emb64_ep2000_XX_XX_best0_top100_rec	bprmf_XX_XX	bim	300	1	full	0	0.00016358984087	1.04966208765375E-05	0.033096960434709	984	1.65562913907285E-05	0.000165562913907	7.02894859290511	6040	4.78584149532927E-05
pgd110_ep1.0_es4_szfull_bprmf_emb64_ep2000_XX_XX_best0_top100_rec	bprmf_XX_XX	pgd	110	1	full	0	0.000260529954654	1.56674552965986E-05	0.025968308443038	641	1.65562913907285E-05	0.000165562913907	6.91516387592586	6040	7.13040659061909E-05
bim270_ep1.0_es4_szfull_bprmf_emb64_ep2000_XX_XX_best0_top100_rec	bprmf_XX_XX	bim	270	1	full	0	0.000217080690263	1.40428637683006E-05	0.034776112466597	1007	1.65562913907285E-05	0.000165562913907	7.16901380419857	6040	6.40484780189638E-05
bim490_ep1.0_es4_szfull_bprmf_emb64_ep2000_XX_XX_best0_top100_rec	bprmf_XX_XX	bim	490	1	full	0	0.000310418148497	2.0637017885437E-05	0.038475972151469	1105	3.31125827814569E-05	0.000331125827815	7.22658206149472	6040	0.000105027041225
pgd170_ep0.5_es4_szfull_bprmf_emb64_ep2000_XX_XX_best0_top100_rec	bprmf_XX_XX	pgd	170	0.5	full	0	0.001254352113365	8.58074227513961E-05	0.027749756459412	671	9.93377483443709E-05	0.000993377483444	7.04141559674032	6040	0.000393598911854
pgd450_ep0.5_es4_szfull_bprmf_emb64_ep2000_XX_XX_best0_top100_rec	bprmf_XX_XX	pgd	450	0.5	full	0	0	0	0.029266679178844	873	0	0	6.97291069181541	6040	0
bim460_ep0.5_es4_szfull_bprmf_emb64_ep2000_XX_XX_best0_top100_rec	bprmf_XX_XX	bim	460	0.5	full	0	0	0	0.031304036964546	924	0	0	7.04762129395355	6040	0
bim270_ep0.5_es4_szfull_bprmf_emb64_ep2000_XX_XX_best0_top100_rec	bprmf_XX_XX	bim	270	0.5	full	0	0.000165110734883	1.05001087053717E-05	0.023033845438865	595	1.65562913907285E-05	0.000165562913907	6.78297763199478	6040	4.78584149532927E-05
bim480_ep0.5_es4_szfull_bprmf_emb64_ep2000_XX_XX_best0_top100_rec	bprmf_XX_XX	bim	480	0.5	full	0	0.000404659955762	2.29714389932706E-05	0.030035668641803	794	1.65562913907285E-05	0.000165562913907	7.09802700825877	6040	0.000104458568472
bim70_ep0.5_es4_szfull_bprmf_emb64_ep2000_XX_XX_best0_top100_rec	bprmf_XX_XX	bim	70	0.5	full	0	0.021667410267187	0.001706721310344	0.055639345434396	1464	0.00205298013245	0.020529801324503	7.72007628035887	6040	0.01044198278663
pgd270_ep1.0_es4_szfull_bprmf_emb64_ep2000_XX_XX_best0_top100_rec	bprmf_XX_XX	pgd	270	1	full	0	0	0	0.030344424484543	954	0	0	6.99186647089694	6040	0
bim1_ep1.0_es4_szfull_bprmf_emb64_ep2000_XX_XX_best0_top100_rec	bprmf_XX_XX	bim	1	1	full	0	0.093910123304616	0.007406428531596	0.216247481924372	2630	0.008592715231788	0.085927152317881	9.98132570573079	6040	0.042576825854204
bim140_ep0.5_es4_szfull_bprmf_emb64_ep2000_XX_XX_best0_top100_rec	bprmf_XX_XX	bim	140	0.5	full	0	0.003273856858825	0.000263027857645	0.030338320329607	762	0.000264900662252	0.002649006622517	7.10789387977358	6040	0.001264452064635
bim70_ep1.0_es4_szfull_bprmf_emb64_ep2000_XX_XX_best0_top100_rec	bprmf_XX_XX	bim	70	1	full	0	0.002108572219011	0.000170744225362	0.038574550231922	850	0.000215231788079	0.002152317880795	7.49120289877325	6040	0.000818936115484
bim210_ep1.0_es4_szfull_bprmf_emb64_ep2000_XX_XX_best0_top100_rec	bprmf_XX_XX	bim	210	1	full	0	0	0	0.025478715893146	851	0	0	6.74575561415787	6040	0
bim190_ep1.0_es4_szfull_bprmf_emb64_ep2000_XX_XX_best0_top100_rec	bprmf_XX_XX	bim	190	1	full	0	0.000190186577699	1.09583456954679E-05	0.023031682619693	712	1.65562913907285E-05	0.000165562913907	6.67021478082268	6040	4.9839403255626E-05
pgd270_ep0.5_es4_szfull_bprmf_emb64_ep2000_XX_XX_best0_top100_rec	bprmf_XX_XX	pgd	270	0.5	full	0	0.00168541266448	0.000104534244896	0.018850863787079	561	9.93377483443709E-05	0.000993377483444	6.41505102346895	6040	0.000476394589957
bim240_ep1.0_es4_szfull_bprmf_emb64_ep2000_XX_XX_best0_top100_rec	bprmf_XX_XX	bim	240	1	full	0	0	0	0.028517816446363	948	0	0	6.86967509673223	6040	0
pgd220_ep0.5_es4_szfull_bprmf_emb64_ep2000_XX_XX_best0_top100_rec	bprmf_XX_XX	pgd	220	0.5	full	0	0.000395089594995	2.43793603135131E-05	0.019446541723642	558	3.31125827814569E-05	0.000331125827815	6.42233692813006	6040	0.000111203984088
pgd230_ep0.5_es4_szfull_bprmf_emb64_ep2000_XX_XX_best0_top100_rec	bprmf_XX_XX	pgd	230	0.5	full	0	0.000287788916183	1.56856430556494E-05	0.022847673181936	586	1.65562913907285E-05	0.000165562913907	6.73670149955404	6040	7.13040659061909E-05
pgd210_ep1.0_es4_szfull_bprmf_emb64_ep2000_XX_XX_best0_top100_rec	bprmf_XX_XX	pgd	210	1	full	0	0.000287015816515	1.81652205035832E-05	0.023946045705195	757	1.65562913907285E-05	0.000165562913907	6.67334526371157	6040	8.27814569536424E-05
pgd180_ep0.5_es4_szfull_bprmf_emb64_ep2000_XX_XX_best0_top100_rec	bprmf_XX_XX	pgd	180	0.5	full	0	0.000799689311167	5.69961664146362E-05	0.025737020850649	659	6.62251655629139E-05	0.000662251655629	6.84572291668585	6040	0.000262692259364
pgd30_ep1.0_es4_szfull_bprmf_emb64_ep2000_XX_XX_best0_top100_rec	bprmf_XX_XX	pgd	30	1	full	0	0.014994819861681	0.00120672299394	0.118058673172999	2115	0.001341059602649	0.01341059602649	8.87480600816094	6040	0.0066239932112
bim220_ep0.5_es4_szfull_bprmf_emb64_ep2000_XX_XX_best0_top100_rec	bprmf_XX_XX	bim	220	0.5	full	0	0.000203431132901	1.39915187453817E-05	0.023479448749229	589	1.65562913907285E-05	0.000165562913907	6.81146550587736	6040	6.40484780189638E-05
bim450_ep0.5_es4_szfull_bprmf_emb64_ep2000_XX_XX_best0_top100_rec	bprmf_XX_XX	bim	450	0.5	full	0	0	0	0.029027803844813	865	0	0	6.98044351835376	6040	0
pgd320_ep0.5_es4_szfull_bprmf_emb64_ep2000_XX_XX_best0_top100_rec	bprmf_XX_XX	pgd	320	0.5	full	0	0.000162207410298	1.04931330477033E-05	0.022030449276528	666	1.65562913907285E-05	0.000165562913907	6.6697076907378	6040	4.78584149532927E-05
bim320_ep1.0_es4_szfull_bprmf_emb64_ep2000_XX_XX_best0_top100_rec	bprmf_XX_XX	bim	320	1	full	0	0	0	0.031290925990473	1036	0	0	6.97303396644978	6040	0
pgd390_ep0.5_es4_szfull_bprmf_emb64_ep2000_XX_XX_best0_top100_rec	bprmf_XX_XX	pgd	390	0.5	full	0	0.000537592598874	3.62218478590214E-05	0.025801065322501	769	1.65562913907285E-05	0.000165562913907	6.86924809024015	6040	0.000165562913907
pgd280_ep1.0_es4_szfull_bprmf_emb64_ep2000_XX_XX_best0_top100_rec	bprmf_XX_XX	pgd	280	1	full	0	0.000315893067864	1.82014182196315E-05	0.028466078594346	866	1.65562913907285E-05	0.000165562913907	6.89953505000375	6040	8.27814569536424E-05
pgd5_ep2.0_es4_szfull_bprmf_emb64_ep2000_XX_XX_best0_top100_rec	bprmf_XX_XX	pgd	5	2	full	0	0.03854940901465	0.003022798920221	0.240808662001412	2733	0.003360927152318	0.033609271523179	10.077436132905	6040	0.017058309232761
pgd350_ep0.5_es4_szfull_bprmf_emb64_ep2000_XX_XX_best0_top100_rec	bprmf_XX_XX	pgd	350	0.5	full	0	0	0	0.021835536370217	659	0	0	6.64560863864179	6040	0
pgd440_ep1.0_es4_szfull_bprmf_emb64_ep2000_XX_XX_best0_top100_rec	bprmf_XX_XX	pgd	440	1	full	0	0.000430327808425	2.61924372912699E-05	0.034227721621936	1049	3.31125827814569E-05	0.000331125827815	7.07446400047783	6040	0.000119236115988
pgd30_ep2.0_es4_szfull_bprmf_emb64_ep2000_XX_XX_best0_top100_rec	bprmf_XX_XX	pgd	30	2	full	0	0.003153818947101	0.00023834678111	0.049902521203672	1040	0.000215231788079	0.002152317880795	7.8640004449155	6040	0.001135039495032
bim80_ep1.0_es4_szfull_bprmf_emb64_ep2000_XX_XX_best0_top100_rec	bprmf_XX_XX	bim	80	1	full	0	0.001409474728722	0.000102090210495	0.033777676488726	818	8.27814569536424E-05	0.000827814569536	7.27875244306264	6040	0.000472039055321
pgd250_ep1.0_es4_szfull_bprmf_emb64_ep2000_XX_XX_best0_top100_rec	bprmf_XX_XX	pgd	250	1	full	0	0.00026558211319	1.56726517991845E-05	0.030941559196003	969	1.65562913907285E-05	0.000165562913907	6.97424420891643	6040	7.13040659061909E-05
pgd330_ep0.5_es4_szfull_bprmf_emb64_ep2000_XX_XX_best0_top100_rec	bprmf_XX_XX	pgd	330	0.5	full	0	0.000320685427713	1.82044346959688E-05	0.021192803710754	641	1.65562913907285E-05	0.000165562913907	6.57801662331873	6040	8.27814569536424E-05
pgd10_ep3.0_es4_szfull_bprmf_emb64_ep2000_XX_XX_best0_top100_rec	bprmf_XX_XX	pgd	10	3	full	0	0.013981949754768	0.001133364044788	0.155176278699806	2357	0.001225165562914	0.012251655629139	9.34113208071822	6040	0.006277994404761
bim370_ep1.0_es4_szfull_bprmf_emb64_ep2000_XX_XX_best0_top100_rec	bprmf_XX_XX	bim	370	1	full	0	0.000302465910635	1.8189352314282E-05	0.033118195386582	1027	1.65562913907285E-05	0.000165562913907	7.07502701705398	6040	8.27814569536424E-05
pgd140_ep1.0_es4_szfull_bprmf_emb64_ep2000_XX_XX_best0_top100_rec	bprmf_XX_XX	pgd	140	1	full	0	0.000274479768587	1.81320392638722E-05	0.024799787292991	634	1.65562913907285E-05	0.000165562913907	6.85987993668215	6040	8.27814569536424E-05
pgd430_ep0.5_es4_szfull_bprmf_emb64_ep2000_XX_XX_best0_top100_rec	bprmf_XX_XX	pgd	430	0.5	full	0	0.000345173285395	2.2324338727665E-05	0.023859282694765	774	3.31125827814569E-05	0.000331125827815	6.60393520681842	6040	0.000102068687492
pgd120_ep1.0_es4_szfull_bprmf_emb64_ep2000_XX_XX_best0_top100_rec	bprmf_XX_XX	pgd	120	1	full	0	0.001386329239924	8.32749571066709E-05	0.021412526476661	592	4.96688741721854E-05	0.000496688741722	6.61924974560574	6040	0.000378984242768
bim430_ep0.5_es4_szfull_bprmf_emb64_ep2000_XX_XX_best0_top100_rec	bprmf_XX_XX	bim	430	0.5	full	0	0	0	0.02561197057851	773	0	0	6.74050030575165	6040	0
bim310_ep0.5_es4_szfull_bprmf_emb64_ep2000_XX_XX_best0_top100_rec	bprmf_XX_XX	bim	310	0.5	full	0	0.000161398721216	1.13829475243373E-05	0.02112775826474	590	1.65562913907285E-05	0.000165562913907	6.5808292983382	6040	5.22292842360478E-05
pgd380_ep0.5_es4_szfull_bprmf_emb64_ep2000_XX_XX_best0_top100_rec	bprmf_XX_XX	pgd	380	0.5	full	0	0.000238557646366	1.40778717384725E-05	0.022678526423037	710	1.65562913907285E-05	0.000165562913907	6.72559252605178	6040	6.40484780189638E-05
bim260_ep1.0_es4_szfull_bprmf_emb64_ep2000_XX_XX_best0_top100_rec	bprmf_XX_XX	bim	260	1	full	0	0.000404659955762	2.29714389932706E-05	0.03292059236221	966.999999999999	1.65562913907285E-05	0.000165562913907	7.15371227756736	6040	0.000104458568472
pgd390_ep1.0_es4_szfull_bprmf_emb64_ep2000_XX_XX_best0_top100_rec	bprmf_XX_XX	pgd	390	1	full	0	0	0	0.035698242039127	1067	0	0	7.19842030947567	6040	0
bim280_ep1.0_es4_szfull_bprmf_emb64_ep2000_XX_XX_best0_top100_rec	bprmf_XX_XX	bim	280	1	full	0	0	0	0.036823667676578	968	0	0	7.31469927911981	6040	0
bim330_ep1.0_es4_szfull_bprmf_emb64_ep2000_XX_XX_best0_top100_rec	bprmf_XX_XX	bim	330	1	full	0	0	0	0.035666639854859	1028	0	0	7.24433842785683	6040	0
bim200_ep1.0_es4_szfull_bprmf_emb64_ep2000_XX_XX_best0_top100_rec	bprmf_XX_XX	bim	200	1	full	0	0.000132172104915	1.02437532860577E-05	0.030369690144873	835	1.65562913907285E-05	0.000165562913907	7.09116715135433	6040	4.78584149532927E-05
pgd240_ep1.0_es4_szfull_bprmf_emb64_ep2000_XX_XX_best0_top100_rec	bprmf_XX_XX	pgd	240	1	full	0	0.000182102623534	1.09510812965979E-05	0.024886746923345	797	1.65562913907285E-05	0.000165562913907	6.65821647144327	6040	4.9839403255626E-05
pgd170_ep1.0_es4_szfull_bprmf_emb64_ep2000_XX_XX_best0_top100_rec	bprmf_XX_XX	pgd	170	1	full	0	0.00015305659779	1.04599986737784E-05	0.026136498914122	718	1.65562913907285E-05	0.000165562913907	6.88396310337445	6040	4.78584149532927E-05
pgd250_ep0.5_es4_szfull_bprmf_emb64_ep2000_XX_XX_best0_top100_rec	bprmf_XX_XX	pgd	250	0.5	full	0	0	0	0.022362888882931	631	0	0	6.6761306138235	6040	0
bim40_ep0.5_es4_szfull_bprmf_emb64_ep2000_XX_XX_best0_top100_rec	bprmf_XX_XX	bim	40	0.5	full	0	0.027085838494172	0.002112801033664	0.162991455970543	2470	0.002698675496689	0.026986754966888	9.13987624734858	6040	0.012589754591964
pgd190_ep1.0_es4_szfull_bprmf_emb64_ep2000_XX_XX_best0_top100_rec	bprmf_XX_XX	pgd	190	1	full	0	0.000201155819993	1.09637939946205E-05	0.023170719718298	737	1.65562913907285E-05	0.000165562913907	6.6899180180834	6040	4.9839403255626E-05
bim30_ep1.0_es4_szfull_bprmf_emb64_ep2000_XX_XX_best0_top100_rec	bprmf_XX_XX	bim	30	1	full	0	0.025473785857934	0.001986420173765	0.099452967620273	2025	0.002400662251656	0.024006622516556	8.56390319513109	6040	0.011769880405461
pgd470_ep1.0_es4_szfull_bprmf_emb64_ep2000_XX_XX_best0_top100_rec	bprmf_XX_XX	pgd	470	1	full	0	0	0	0.038481325575784	1070	0	0	7.33623150324416	6040	0
bim50_ep0.5_es4_szfull_bprmf_emb64_ep2000_XX_XX_best0_top100_rec	bprmf_XX_XX	bim	50	0.5	full	0	0.023294010333714	0.001859742261591	0.131946519380468	2302	0.002201986754967	0.022019867549669	8.97073538173148	6040	0.010740053332867
pgd400_ep0.5_es4_szfull_bprmf_emb64_ep2000_XX_XX_best0_top100_rec	bprmf_XX_XX	pgd	400	0.5	full	0	0.000188788701807	1.05262674216282E-05	0.024947287985629	746	1.65562913907285E-05	0.000165562913907	6.83445974165705	6040	4.78584149532927E-05
bim280_ep0.5_es4_szfull_bprmf_emb64_ep2000_XX_XX_best0_top100_rec	bprmf_XX_XX	bim	280	0.5	full	0	0.000334070259452	2.28306033275289E-05	0.019357267340537	531	1.65562913907285E-05	0.000165562913907	6.52725268183804	6040	0.000104458568472
bim220_ep1.0_es4_szfull_bprmf_emb64_ep2000_XX_XX_best0_top100_rec	bprmf_XX_XX	bim	220	1	full	0	0	0	0.026252629791494	767	0	0	6.89629898808866	6040	0
bim190_ep0.5_es4_szfull_bprmf_emb64_ep2000_XX_XX_best0_top100_rec	bprmf_XX_XX	bim	190	0.5	full	0	0.001351034889356	8.39342289872737E-05	0.023861365078514	636	4.96688741721854E-05	0.000496688741722	6.81397737484095	6040	0.000383355112051
bim130_ep1.0_es4_szfull_bprmf_emb64_ep2000_XX_XX_best0_top100_rec	bprmf_XX_XX	bim	130	1	full	0	0.001002983288268	6.48456297434026E-05	0.02354325191481	637	6.62251655629139E-05	0.000662251655629	6.79225371338491	6040	0.000296054128534
bim20_ep1.0_es4_szfull_bprmf_emb64_ep2000_XX_XX_best0_top100_rec	bprmf_XX_XX	bim	20	1	full	0	0.019540567670063	0.001542264626304	0.185517003154856	2555	0.001837748344371	0.018377483443709	9.44197038534177	6040	0.008559058447389
pgd100_ep1.0_es4_szfull_bprmf_emb64_ep2000_XX_XX_best0_top100_rec	bprmf_XX_XX	pgd	100	1	full	0	0.001485342256046	9.99559530929371E-05	0.024625725035973	677	9.93377483443709E-05	0.000993377483444	6.76691878998732	6040	0.000457862432441
pgd180_ep1.0_es4_szfull_bprmf_emb64_ep2000_XX_XX_best0_top100_rec	bprmf_XX_XX	pgd	180	1	full	0	0.000837974028528	4.73708472868407E-05	0.023618164106139	758	3.31125827814569E-05	0.000331125827815	6.71736884849146	6040	0.000215402317163
pgd460_ep0.5_es4_szfull_bprmf_emb64_ep2000_XX_XX_best0_top100_rec	bprmf_XX_XX	pgd	460	0.5	full	0	0.002297009489822	0.000136262922647	0.023630712032246	793	8.27814569536424E-05	0.000827814569536	6.66449462731394	6040	0.000620222091864
pgd150_ep1.0_es4_szfull_bprmf_emb64_ep2000_XX_XX_best0_top100_rec	bprmf_XX_XX	pgd	150	1	full	0	0.00017341615381	1.05140600207085E-05	0.020211652411722	626	1.65562913907285E-05	0.000165562913907	6.53416541608633	6040	4.78584149532927E-05
pgd450_ep1.0_es4_szfull_bprmf_emb64_ep2000_XX_XX_best0_top100_rec	bprmf_XX_XX	pgd	450	1	full	0	0	0	0.042794165750597	1136	0	0	7.46011414304046	6040	0
pgd480_ep1.0_es4_szfull_bprmf_emb64_ep2000_XX_XX_best0_top100_rec	bprmf_XX_XX	pgd	480	1	full	0	0	0	0.033686006917447	999	0	0	7.16959474802716	6040	0
pgd10_ep1.0_es4_szfull_bprmf_emb64_ep2000_XX_XX_best0_top100_rec	bprmf_XX_XX	pgd	10	1	full	0	0.035382493006833	0.002801643427522	0.234587589707841	2654	0.003062913907285	0.030629139072848	10.0253675132226	6040	0.015296177078791
bim440_ep1.0_es4_szfull_bprmf_emb64_ep2000_XX_XX_best0_top100_rec	bprmf_XX_XX	bim	440	1	full	0	0.000523463997501	2.7180365424215E-05	0.037510085708413	1145	3.31125827814569E-05	0.000331125827815	7.1174650800206	6040	0.000123533350142
pgd490_ep0.5_es4_szfull_bprmf_emb64_ep2000_XX_XX_best0_top100_rec	bprmf_XX_XX	pgd	490	0.5	full	0	0	0	0.027444486151701	871	0	0	6.85190968723003	6040	0
pgd40_ep0.5_es4_szfull_bprmf_emb64_ep2000_XX_XX_best0_top100_rec	bprmf_XX_XX	pgd	40	0.5	full	0	0.018902245966244	0.001477190595801	0.171275196396493	2517	0.00182119205298	0.018211920529801	9.32574904538312	6040	0.008778407687848
bim410_ep0.5_es4_szfull_bprmf_emb64_ep2000_XX_XX_best0_top100_rec	bprmf_XX_XX	bim	410	0.5	full	0	0	0	0.024283606366911	749	0	0	6.74306975292629	6040	0
